runId,algorithmName,inputSize,timeNs,memoryKb,dateRun
1,MergeSort,100,66300,0,2026-08-12
2,QuickSort,100,34200,0,2026-08-12
3,InsertionSort,100,82700,0,2026-08-12
4,SelectionSort,100,88800,0,2026-08-12
5,MergeSort,500,409900,0,2026-08-12
6,QuickSort,500,231800,0,2026-08-12
7,InsertionSort,500,1226200,0,2026-08-12
8,SelectionSort,500,1611500,0,2026-08-12
9,MergeSort,1000,345100,0,2026-08-12
10,QuickSort,1000,114500,0,2026-08-12
11,InsertionSort,1000,1278500,0,2026-08-12
12,SelectionSort,1000,2679000,0,2026-08-12
13,MergeSort,5000,779400,0,2026-08-12
14,QuickSort,5000,826300,0,2026-08-12
15,InsertionSort,5000,7979600,0,2026-08-12
16,SelectionSort,5000,12254100,0,2026-08-12
17,MergeSort,10000,1512800,0,2026-08-12
18,QuickSort,10000,712800,0,2026-08-12
19,InsertionSort,10000,34322300,0,2026-08-12
20,SelectionSort,10000,29162800,0,2026-08-12
21,MergeSort,100,71600,0,2026-08-12
22,QuickSort,100,46800,0,2026-08-12
23,InsertionSort,100,69300,0,2026-08-12
24,SelectionSort,100,82800,0,2026-08-12
25,MergeSort,500,637800,0,2026-08-12
26,QuickSort,500,244100,0,2026-08-12
27,InsertionSort,500,3066000,0,2026-08-12
28,SelectionSort,500,1373300,0,2026-08-12
29,MergeSort,1000,254300,0,2026-08-12
30,QuickSort,1000,131100,0,2026-08-12
31,InsertionSort,1000,1218700,0,2026-08-12
32,SelectionSort,1000,1633100,0,2026-08-12
33,MergeSort,5000,1069800,0,2026-08-12
34,QuickSort,5000,558700,0,2026-08-12
35,InsertionSort,5000,9535400,0,2026-08-12
36,SelectionSort,5000,14857900,0,2026-08-12
37,MergeSort,10000,1463700,0,2026-08-12
38,QuickSort,10000,810200,0,2026-08-12
39,InsertionSort,10000,34030400,0,2026-08-12
40,SelectionSort,10000,28334600,0,2026-08-12
41,LinearSearch,100,5500,0,2026-08-12
42,BinarySearch,100,8300,0,2026-08-12
43,LinearSearch,500,6400,0,2026-08-12
44,BinarySearch,500,2000,0,2026-08-12
45,LinearSearch,1000,8900,0,2026-08-12
46,BinarySearch,1000,2100,0,2026-08-12
47,LinearSearch,5000,44000,0,2026-08-12
48,BinarySearch,5000,2600,0,2026-08-12
49,LinearSearch,10000,61900,0,2026-08-12
50,BinarySearch,10000,2700,0,2026-08-12
51,HashTable_Insert,100,78100,0,2026-08-12
52,HashTable_Search,100,64600,0,2026-08-12
53,HashTable_Insert,500,238600,0,2026-08-12
54,HashTable_Search,500,81300,0,2026-08-12
55,HashTable_Insert,1000,191600,0,2026-08-12
56,HashTable_Search,1000,87200,0,2026-08-12
57,HashTable_Insert,5000,1321100,0,2026-08-12
58,HashTable_Search,5000,439700,0,2026-08-12
59,HashTable_Insert,10000,1392000,0,2026-08-12
60,HashTable_Search,10000,782000,0,2026-08-12
61,HashTable_Insert,20000,2387900,0,2026-08-12
62,HashTable_Search,20000,952900,0,2026-08-12
63,BST_Insert,100,2026100,0,2026-08-12
64,RedBlackTree_Insert,100,2023500,0,2026-08-12
65,BST_Search,100,76300,0,2026-08-12
66,RedBlackTree_Search,100,34800,0,2026-08-12
67,BST_Insert,500,188500,0,2026-08-12
68,RedBlackTree_Insert,500,449700,0,2026-08-12
69,BST_Search,500,139100,0,2026-08-12
70,RedBlackTree_Search,500,292000,0,2026-08-12
71,BST_Insert,1000,162600,0,2026-08-12
72,RedBlackTree_Insert,1000,342700,0,2026-08-12
73,BST_Search,1000,155300,0,2026-08-12
74,RedBlackTree_Search,1000,241700,0,2026-08-12
75,BST_Insert,5000,768200,0,2026-08-12
76,RedBlackTree_Insert,5000,736200,0,2026-08-12
77,BST_Search,5000,844400,0,2026-08-12
78,RedBlackTree_Search,5000,782300,0,2026-08-12
79,BST_Insert,10000,1549400,0,2026-08-12
80,RedBlackTree_Insert,10000,1789800,0,2026-08-12
81,BST_Search,10000,1443000,0,2026-08-12
82,RedBlackTree_Search,10000,1297300,0,2026-08-12
83,PriorityQueue_Enqueue,100,3068300,0,2026-08-12
84,PriorityQueue_Dequeue,100,132300,0,2026-08-12
85,PriorityQueue_Enqueue,500,146700,0,2026-08-12
86,PriorityQueue_Dequeue,500,226700,0,2026-08-12
87,PriorityQueue_Enqueue,1000,93900,0,2026-08-12
88,PriorityQueue_Dequeue,1000,229600,0,2026-08-12
89,PriorityQueue_Enqueue,5000,438100,0,2026-08-12
90,PriorityQueue_Dequeue,5000,796300,0,2026-08-12
91,PriorityQueue_Enqueue,10000,576200,0,2026-08-12
92,PriorityQueue_Dequeue,10000,1917400,0,2026-08-12
93,PriorityQueue_Enqueue,20000,822300,0,2026-08-12
94,PriorityQueue_Dequeue,20000,3341300,0,2026-08-12
95,MergeSort,100,230233,171,2026-08-18
96,QuickSort,100,109166,157,2026-08-18
97,InsertionSort,100,182400,133,2026-08-18
98,SelectionSort,100,227466,157,2026-08-18
99,MergeSort,500,285333,135,2026-08-18
100,QuickSort,500,396733,135,2026-08-18
101,InsertionSort,500,1677300,135,2026-08-18
102,SelectionSort,500,4448566,135,2026-08-18
103,MergeSort,1000,1151600,137,2026-08-18
104,QuickSort,1000,402200,137,2026-08-18
105,InsertionSort,1000,1376833,137,2026-08-18
106,SelectionSort,1000,703166,137,2026-08-18
107,MergeSort,5000,875600,552,2026-08-18
108,QuickSort,5000,805800,152,2026-08-18
109,InsertionSort,5000,19546766,152,2026-08-18
110,SelectionSort,5000,35839000,152,2026-08-18
111,MergeSort,10000,3454133,978,2026-08-18
112,QuickSort,10000,1520533,172,2026-08-18
113,InsertionSort,10000,24000500,172,2026-08-18
114,SelectionSort,10000,119065633,172,2026-08-18
115,LinearSearch,100,39033,0,2026-08-18
116,BinarySearch,100,27766,0,2026-08-18
117,LinearSearch,500,35966,0,2026-08-18
118,BinarySearch,500,8266,0,2026-08-18
119,LinearSearch,1000,46433,0,2026-08-18
120,BinarySearch,1000,29533,0,2026-08-18
121,LinearSearch,5000,104300,0,2026-08-18
122,BinarySearch,5000,24300,0,2026-08-18
123,LinearSearch,10000,334800,0,2026-08-18
124,BinarySearch,10000,57666,0,2026-08-18
125,HashTable_Insert,100,250733,157,2026-08-18
126,HashTable_Search,100,93800,0,2026-08-18
127,HashTable_Insert,500,312166,133,2026-08-18
128,HashTable_Search,500,356000,133,2026-08-18
129,HashTable_Insert,1000,305000,133,2026-08-18
130,HashTable_Search,1000,220366,133,2026-08-18
131,HashTable_Insert,5000,1932100,399,2026-08-18
132,HashTable_Search,5000,1389666,133,2026-08-18
133,HashTable_Insert,10000,3628133,798,2026-08-18
134,HashTable_Search,10000,1195300,252,2026-08-18
135,HashTable_Insert,20000,2548066,1702,2026-08-18
136,HashTable_Search,20000,1472566,378,2026-08-18
137,BST_Insert,100,182500,152,2026-08-18
138,RedBlackTree_Insert,100,251066,133,2026-08-18
139,BST_Search,100,137400,0,2026-08-18
140,RedBlackTree_Search,100,220566,24,2026-08-18
141,BST_Insert,500,244933,133,2026-08-18
142,RedBlackTree_Insert,500,327533,133,2026-08-18
143,BST_Search,500,259200,0,2026-08-18
144,RedBlackTree_Search,500,160066,0,2026-08-18
145,BST_Insert,1000,436700,133,2026-08-18
146,RedBlackTree_Insert,1000,502100,133,2026-08-18
147,BST_Search,1000,337833,0,2026-08-18
148,RedBlackTree_Search,1000,363233,0,2026-08-18
149,BST_Insert,5000,3044200,266,2026-08-18
150,RedBlackTree_Insert,5000,2020900,266,2026-08-18
151,BST_Search,5000,2070866,0,2026-08-18
152,RedBlackTree_Search,5000,1875433,0,2026-08-18
153,BST_Insert,10000,9902633,389,2026-08-18
154,RedBlackTree_Insert,10000,4695900,443,2026-08-18
155,BST_Search,10000,8600366,0,2026-08-18
156,RedBlackTree_Search,10000,10085800,0,2026-08-18
157,PriorityQueue_Enqueue,100,229266,152,2026-08-18
158,PriorityQueue_Dequeue,100,367633,157,2026-08-18
159,PriorityQueue_Enqueue,500,350500,133,2026-08-18
160,PriorityQueue_Dequeue,500,709600,133,2026-08-18
161,PriorityQueue_Enqueue,1000,337500,133,2026-08-18
162,PriorityQueue_Dequeue,1000,718600,133,2026-08-18
163,PriorityQueue_Enqueue,5000,930733,266,2026-08-18
164,PriorityQueue_Dequeue,5000,3897800,266,2026-08-18
165,PriorityQueue_Enqueue,10000,1746500,399,2026-08-18
166,PriorityQueue_Dequeue,10000,7046433,399,2026-08-18
167,PriorityQueue_Enqueue,20000,2497233,665,2026-08-18
168,PriorityQueue_Dequeue,20000,29313733,631,2026-08-18
169,BFS_Traversal,117,860733,152,2026-08-18
170,DFS_Traversal,117,754700,157,2026-08-18
171,Dijkstra_SingleSource,117,522666,157,2026-08-18
172,Prim_MST,117,1416933,157,2026-08-18
173,Kruskal_MST,117,561466,158,2026-08-18
174,BFS_Connected,58,268166,157,2026-08-18
175,DFS_CycleDetect,58,131233,133,2026-08-18
176,MergeSort,100,42066,324,2026-08-18
177,QuickSort,100,128400,308,2026-08-18
178,InsertionSort,100,127766,308,2026-08-18
179,SelectionSort,100,176633,308,2026-08-18
180,MergeSort,500,82133,309,2026-08-18
181,QuickSort,500,163233,309,2026-08-18
182,InsertionSort,500,191766,309,2026-08-18
183,SelectionSort,500,252266,309,2026-08-18
184,MergeSort,1000,182200,311,2026-08-18
185,QuickSort,1000,170633,311,2026-08-18
186,InsertionSort,1000,280433,311,2026-08-18
187,SelectionSort,1000,579933,311,2026-08-18
188,MergeSort,5000,652033,635,2026-08-18
189,QuickSort,5000,440566,327,2026-08-18
190,InsertionSort,5000,3677666,327,2026-08-18
191,SelectionSort,5000,23593666,327,2026-08-18
192,MergeSort,10000,2154866,982,2026-08-18
193,QuickSort,10000,1477200,346,2026-08-18
194,InsertionSort,10000,43366533,346,2026-08-18
195,SelectionSort,10000,75395200,346,2026-08-18
196,LinearSearch,100,11466,0,2026-08-18
197,BinarySearch,100,10000,0,2026-08-18
198,LinearSearch,500,15600,0,2026-08-18
199,BinarySearch,500,18900,0,2026-08-18
200,LinearSearch,1000,59000,0,2026-08-18
201,BinarySearch,1000,13800,0,2026-08-18
202,LinearSearch,5000,139800,0,2026-08-18
203,BinarySearch,5000,20533,0,2026-08-18
204,LinearSearch,10000,47933,0,2026-08-18
205,BinarySearch,10000,17900,0,2026-08-18
206,HashTable_Insert,100,220500,307,2026-08-18
207,HashTable_Search,100,108833,0,2026-08-18
208,HashTable_Insert,500,277633,307,2026-08-18
209,HashTable_Search,500,109800,307,2026-08-18
210,HashTable_Insert,1000,210400,330,2026-08-18
211,HashTable_Search,1000,139500,307,2026-08-18
212,HashTable_Insert,5000,548300,615,2026-08-18
213,HashTable_Search,5000,240066,292,2026-08-18
214,HashTable_Insert,10000,517633,900,2026-08-18
215,HashTable_Search,10000,605666,0,2026-08-18
216,HashTable_Insert,20000,1374100,1698,2026-08-18
217,HashTable_Search,20000,286700,0,2026-08-18
218,BST_Insert,100,252633,299,2026-08-18
219,RedBlackTree_Insert,100,175200,307,2026-08-18
220,BST_Search,100,127866,0,2026-08-18
221,RedBlackTree_Search,100,190033,0,2026-08-18
222,BST_Insert,500,148000,307,2026-08-18
223,RedBlackTree_Insert,500,278900,307,2026-08-18
224,BST_Search,500,145800,0,2026-08-18
225,RedBlackTree_Search,500,141100,0,2026-08-18
226,BST_Insert,1000,276866,307,2026-08-18
227,RedBlackTree_Insert,1000,284366,307,2026-08-18
228,BST_Search,1000,255600,0,2026-08-18
229,RedBlackTree_Search,1000,810400,0,2026-08-18
230,BST_Insert,5000,1439300,307,2026-08-18
231,RedBlackTree_Insert,5000,1473033,307,2026-08-18
232,BST_Search,5000,1794900,0,2026-08-18
233,RedBlackTree_Search,5000,1381800,0,2026-08-18
234,BST_Insert,10000,3245166,394,2026-08-18
235,RedBlackTree_Insert,10000,3688266,615,2026-08-18
236,BST_Search,10000,3346400,0,2026-08-18
237,RedBlackTree_Search,10000,3369533,0,2026-08-18
238,PriorityQueue_Enqueue,100,135933,299,2026-08-18
239,PriorityQueue_Dequeue,100,241200,307,2026-08-18
240,PriorityQueue_Enqueue,500,142233,307,2026-08-18
241,PriorityQueue_Dequeue,500,298133,307,2026-08-18
242,PriorityQueue_Enqueue,1000,183300,307,2026-08-18
243,PriorityQueue_Dequeue,1000,357066,307,2026-08-18
244,PriorityQueue_Enqueue,5000,527600,307,2026-08-18
245,PriorityQueue_Dequeue,5000,2082133,307,2026-08-18
246,PriorityQueue_Enqueue,10000,916300,307,2026-08-18
247,PriorityQueue_Dequeue,10000,4006600,292,2026-08-18
248,PriorityQueue_Enqueue,20000,1084133,600,2026-08-18
249,PriorityQueue_Dequeue,20000,9331833,584,2026-08-18
250,BFS_Traversal,117,535500,300,2026-08-18
251,DFS_Traversal,117,709933,308,2026-08-18
252,Dijkstra_SingleSource,117,468233,308,2026-08-18
253,Prim_MST,117,322100,308,2026-08-18
254,Kruskal_MST,117,432733,308,2026-08-18
255,BFS_Connected,58,201033,308,2026-08-18
256,DFS_CycleDetect,58,71666,308,2026-08-18
257,MergeSort,100,74500,395,2026-08-18
258,QuickSort,100,95266,385,2026-08-18
259,InsertionSort,100,103966,385,2026-08-18
260,SelectionSort,100,239800,385,2026-08-18
261,MergeSort,500,726433,386,2026-08-18
262,QuickSort,500,94400,386,2026-08-18
263,InsertionSort,500,199066,386,2026-08-18
264,SelectionSort,500,260100,386,2026-08-18
265,MergeSort,1000,225400,403,2026-08-18
266,QuickSort,1000,148466,388,2026-08-18
267,InsertionSort,1000,223000,388,2026-08-18
268,SelectionSort,1000,765466,388,2026-08-18
269,MergeSort,5000,1222833,789,2026-08-18
270,QuickSort,5000,717833,404,2026-08-18
271,InsertionSort,5000,6418800,404,2026-08-18
272,SelectionSort,5000,21654500,404,2026-08-18
273,MergeSort,10000,2222100,1194,2026-08-18
274,QuickSort,10000,1607500,423,2026-08-18
275,InsertionSort,10000,27282200,423,2026-08-18
276,SelectionSort,10000,80756366,423,2026-08-18
277,LinearSearch,100,12400,0,2026-08-18
278,BinarySearch,100,10300,0,2026-08-18
279,LinearSearch,500,8200,0,2026-08-18
280,BinarySearch,500,8266,0,2026-08-18
281,LinearSearch,1000,29866,0,2026-08-18
282,BinarySearch,1000,19200,0,2026-08-18
283,LinearSearch,5000,175966,0,2026-08-18
284,BinarySearch,5000,12333,0,2026-08-18
285,LinearSearch,10000,216000,0,2026-08-18
286,BinarySearch,10000,12766,0,2026-08-18
287,HashTable_Insert,100,204833,384,2026-08-18
288,HashTable_Search,100,87300,0,2026-08-18
289,HashTable_Insert,500,307433,384,2026-08-18
290,HashTable_Search,500,240733,384,2026-08-18
291,HashTable_Insert,1000,264866,384,2026-08-18
292,HashTable_Search,1000,79366,256,2026-08-18
293,HashTable_Insert,5000,622866,769,2026-08-18
294,HashTable_Search,5000,243433,0,2026-08-18
295,HashTable_Insert,10000,826566,1154,2026-08-18
296,HashTable_Search,10000,144266,0,2026-08-18
297,HashTable_Insert,20000,1331200,1617,2026-08-18
298,HashTable_Search,20000,349366,0,2026-08-18
299,BST_Insert,100,162733,384,2026-08-18
300,RedBlackTree_Insert,100,199000,384,2026-08-18
301,BST_Search,100,123700,0,2026-08-18
302,RedBlackTree_Search,100,79333,0,2026-08-18
303,BST_Insert,500,181700,384,2026-08-18
304,RedBlackTree_Insert,500,266233,384,2026-08-18
305,BST_Search,500,178133,0,2026-08-18
306,RedBlackTree_Search,500,122900,0,2026-08-18
307,BST_Insert,1000,237000,384,2026-08-18
308,RedBlackTree_Insert,1000,884333,384,2026-08-18
309,BST_Search,1000,207833,0,2026-08-18
310,RedBlackTree_Search,1000,206233,0,2026-08-18
311,BST_Insert,5000,1224500,384,2026-08-18
312,RedBlackTree_Insert,5000,1256933,384,2026-08-18
313,BST_Search,5000,12513166,0,2026-08-18
314,RedBlackTree_Search,5000,1071966,0,2026-08-18
315,BST_Insert,10000,2468900,384,2026-08-18
316,RedBlackTree_Insert,10000,3672433,769,2026-08-18
317,BST_Search,10000,3767833,0,2026-08-18
318,RedBlackTree_Search,10000,1916300,0,2026-08-18
319,PriorityQueue_Enqueue,100,147333,384,2026-08-18
320,PriorityQueue_Dequeue,100,285566,384,2026-08-18
321,PriorityQueue_Enqueue,500,195133,384,2026-08-18
322,PriorityQueue_Dequeue,500,252433,384,2026-08-18
323,PriorityQueue_Enqueue,1000,153233,384,2026-08-18
324,PriorityQueue_Dequeue,1000,636200,384,2026-08-18
325,PriorityQueue_Enqueue,5000,241900,384,2026-08-18
326,PriorityQueue_Dequeue,5000,1730100,384,2026-08-18
327,PriorityQueue_Enqueue,10000,484400,384,2026-08-18
328,PriorityQueue_Dequeue,10000,4596533,384,2026-08-18
329,PriorityQueue_Enqueue,20000,964766,769,2026-08-18
330,PriorityQueue_Dequeue,20000,10744133,769,2026-08-18
331,BFS_Traversal,117,2665300,384,2026-08-18
332,DFS_Traversal,117,908933,384,2026-08-18
333,Dijkstra_SingleSource,117,1515766,385,2026-08-18
334,Prim_MST,117,586000,384,2026-08-18
335,Kruskal_MST,117,557033,385,2026-08-18
336,BFS_Connected,58,358000,384,2026-08-18
337,DFS_CycleDetect,58,87100,384,2026-08-18
338,MergeSort,100,94666,458,2026-08-18
339,QuickSort,100,486633,446,2026-08-18
340,InsertionSort,100,190000,435,2026-08-18
341,SelectionSort,100,263533,435,2026-08-18
342,MergeSort,500,182433,437,2026-08-18
343,QuickSort,500,101333,437,2026-08-18
344,InsertionSort,500,277033,437,2026-08-18
345,SelectionSort,500,318300,437,2026-08-18
346,MergeSort,1000,238233,439,2026-08-18
347,QuickSort,1000,126166,439,2026-08-18
348,InsertionSort,1000,290233,439,2026-08-18
349,SelectionSort,1000,748033,439,2026-08-18
350,MergeSort,5000,1393166,474,2026-08-18
351,QuickSort,5000,1419200,454,2026-08-18
352,InsertionSort,5000,13087266,454,2026-08-18
353,SelectionSort,5000,36653233,454,2026-08-18
354,MergeSort,10000,2070833,1352,2026-08-18
355,QuickSort,10000,1380633,474,2026-08-18
356,InsertionSort,10000,27594033,474,2026-08-18
357,SelectionSort,10000,79620933,474,2026-08-18
358,LinearSearch,100,471766,0,2026-08-18
359,BinarySearch,100,16866,0,2026-08-18
360,LinearSearch,500,21366,0,2026-08-18
361,BinarySearch,500,19833,0,2026-08-18
362,LinearSearch,1000,53400,0,2026-08-18
363,BinarySearch,1000,14666,0,2026-08-18
364,LinearSearch,5000,51233,0,2026-08-18
365,BinarySearch,5000,19833,0,2026-08-18
366,LinearSearch,10000,22366,0,2026-08-18
367,BinarySearch,10000,22700,0,2026-08-18
368,HashTable_Insert,100,2417533,435,2026-08-18
369,HashTable_Search,100,132200,0,2026-08-18
370,HashTable_Insert,500,246300,435,2026-08-18
371,HashTable_Search,500,91466,435,2026-08-18
372,HashTable_Insert,1000,282566,435,2026-08-18
373,HashTable_Search,1000,113766,290,2026-08-18
374,HashTable_Insert,5000,417366,435,2026-08-18
375,HashTable_Search,5000,211233,0,2026-08-18
376,HashTable_Insert,10000,687233,870,2026-08-18
377,HashTable_Search,10000,230733,0,2026-08-18
378,HashTable_Insert,20000,1484966,1741,2026-08-18
379,HashTable_Search,20000,1711600,0,2026-08-18
380,BST_Insert,100,232366,435,2026-08-18
381,RedBlackTree_Insert,100,263366,435,2026-08-18
382,BST_Search,100,153633,0,2026-08-18
383,RedBlackTree_Search,100,172733,0,2026-08-18
384,BST_Insert,500,887533,435,2026-08-18
385,RedBlackTree_Insert,500,936133,435,2026-08-18
386,BST_Search,500,190233,0,2026-08-18
387,RedBlackTree_Search,500,160366,0,2026-08-18
388,BST_Insert,1000,228100,435,2026-08-18
389,RedBlackTree_Insert,1000,331500,435,2026-08-18
390,BST_Search,1000,296333,0,2026-08-18
391,RedBlackTree_Search,1000,165300,0,2026-08-18
392,BST_Insert,5000,1482400,435,2026-08-18
393,RedBlackTree_Insert,5000,3202166,435,2026-08-18
394,BST_Search,5000,1541600,0,2026-08-18
395,RedBlackTree_Search,5000,1090266,0,2026-08-18
396,BST_Insert,10000,3588800,435,2026-08-18
397,RedBlackTree_Insert,10000,5714400,435,2026-08-18
398,BST_Search,10000,6185866,0,2026-08-18
399,RedBlackTree_Search,10000,2037966,0,2026-08-18
400,PriorityQueue_Enqueue,100,235433,435,2026-08-18
401,PriorityQueue_Dequeue,100,316133,435,2026-08-18
402,PriorityQueue_Enqueue,500,247266,435,2026-08-18
403,PriorityQueue_Dequeue,500,269500,435,2026-08-18
404,PriorityQueue_Enqueue,1000,428800,435,2026-08-18
405,PriorityQueue_Dequeue,1000,461366,435,2026-08-18
406,PriorityQueue_Enqueue,5000,725233,435,2026-08-18
407,PriorityQueue_Dequeue,5000,2308600,435,2026-08-18
408,PriorityQueue_Enqueue,10000,644966,435,2026-08-18
409,PriorityQueue_Dequeue,10000,6118533,435,2026-08-18
410,PriorityQueue_Enqueue,20000,1142000,870,2026-08-18
411,PriorityQueue_Dequeue,20000,42172900,870,2026-08-18
412,BFS_Traversal,117,1180200,435,2026-08-18
413,DFS_Traversal,117,553533,435,2026-08-18
414,Dijkstra_SingleSource,117,628100,435,2026-08-18
415,Prim_MST,117,324300,435,2026-08-18
416,Kruskal_MST,117,492900,436,2026-08-18
417,BFS_Connected,58,447833,435,2026-08-18
418,DFS_CycleDetect,58,445866,435,2026-08-18
419,MergeSort,100,68133,458,2026-08-18
420,QuickSort,100,69066,469,2026-08-18
421,InsertionSort,100,80533,469,2026-08-18
422,SelectionSort,100,62866,469,2026-08-18
423,MergeSort,500,157233,470,2026-08-18
424,QuickSort,500,104300,470,2026-08-18
425,InsertionSort,500,112366,470,2026-08-18
426,SelectionSort,500,235933,470,2026-08-18
427,MergeSort,1000,209333,472,2026-08-18
428,QuickSort,1000,131233,472,2026-08-18
429,InsertionSort,1000,493666,472,2026-08-18
430,SelectionSort,1000,717300,472,2026-08-18
431,MergeSort,5000,1034400,488,2026-08-18
432,QuickSort,5000,642700,488,2026-08-18
433,InsertionSort,5000,5731266,488,2026-08-18
434,SelectionSort,5000,17402100,488,2026-08-18
435,MergeSort,10000,2582566,976,2026-08-18
436,QuickSort,10000,1557800,507,2026-08-18
437,InsertionSort,10000,17389033,507,2026-08-18
438,SelectionSort,10000,74232200,507,2026-08-18
439,LinearSearch,100,13233,0,2026-08-18
440,BinarySearch,100,23233,0,2026-08-18
441,LinearSearch,500,28300,0,2026-08-18
442,BinarySearch,500,26966,0,2026-08-18
443,LinearSearch,1000,22833,0,2026-08-18
444,BinarySearch,1000,22033,0,2026-08-18
445,LinearSearch,5000,63200,0,2026-08-18
446,BinarySearch,5000,28333,0,2026-08-18
447,LinearSearch,10000,341700,0,2026-08-18
448,BinarySearch,10000,19600,0,2026-08-18
449,HashTable_Insert,100,31433,468,2026-08-18
450,HashTable_Search,100,17800,0,2026-08-18
451,HashTable_Insert,500,99333,468,2026-08-18
452,HashTable_Search,500,37166,0,2026-08-18
453,HashTable_Insert,1000,96000,468,2026-08-18
454,HashTable_Search,1000,49366,0,2026-08-18
455,HashTable_Insert,5000,354300,468,2026-08-18
456,HashTable_Search,5000,221466,0,2026-08-18
457,HashTable_Insert,10000,1194300,1015,2026-08-18
458,HashTable_Search,10000,227633,0,2026-08-18
459,HashTable_Insert,20000,1706266,1934,2026-08-18
460,HashTable_Search,20000,374100,0,2026-08-18
461,BST_Insert,100,60033,457,2026-08-18
462,RedBlackTree_Insert,100,47733,468,2026-08-18
463,BST_Search,100,46133,0,2026-08-18
464,RedBlackTree_Search,100,19033,0,2026-08-18
465,BST_Insert,500,94400,468,2026-08-18
466,RedBlackTree_Insert,500,147533,468,2026-08-18
467,BST_Search,500,73966,0,2026-08-18
468,RedBlackTree_Search,500,85800,0,2026-08-18
469,BST_Insert,1000,233133,468,2026-08-18
470,RedBlackTree_Insert,1000,254666,468,2026-08-18
471,BST_Search,1000,257100,0,2026-08-18
472,RedBlackTree_Search,1000,155000,0,2026-08-18
473,BST_Insert,5000,1250866,468,2026-08-18
474,RedBlackTree_Insert,5000,1122833,468,2026-08-18
475,BST_Search,5000,989766,0,2026-08-18
476,RedBlackTree_Search,5000,1192466,0,2026-08-18
477,BST_Insert,10000,5461433,468,2026-08-18
478,RedBlackTree_Insert,10000,3740400,468,2026-08-18
479,BST_Search,10000,5499266,0,2026-08-18
480,RedBlackTree_Search,10000,4271000,0,2026-08-18
481,PriorityQueue_Enqueue,100,47633,457,2026-08-18
482,PriorityQueue_Dequeue,100,76166,468,2026-08-18
483,PriorityQueue_Enqueue,500,64733,468,2026-08-18
484,PriorityQueue_Dequeue,500,205800,468,2026-08-18
485,PriorityQueue_Enqueue,1000,65400,468,2026-08-18
486,PriorityQueue_Dequeue,1000,275933,468,2026-08-18
487,PriorityQueue_Enqueue,5000,277800,468,2026-08-18
488,PriorityQueue_Dequeue,5000,2697900,468,2026-08-18
489,PriorityQueue_Enqueue,10000,514600,478,2026-08-18
490,PriorityQueue_Dequeue,10000,8228033,468,2026-08-18
491,PriorityQueue_Enqueue,20000,1197066,937,2026-08-18
492,PriorityQueue_Dequeue,20000,12046766,937,2026-08-18
493,BFS_Traversal,117,220533,469,2026-08-18
494,DFS_Traversal,117,516066,469,2026-08-18
495,Dijkstra_SingleSource,117,273100,469,2026-08-18
496,Prim_MST,117,459800,469,2026-08-18
497,Kruskal_MST,117,238500,469,2026-08-18
498,BFS_Connected,58,306000,469,2026-08-18
499,DFS_CycleDetect,58,108500,469,2026-08-18
500,MergeSort,100,79866,469,2026-08-18
501,QuickSort,100,48466,469,2026-08-18
502,InsertionSort,100,784200,469,2026-08-18
503,SelectionSort,100,59733,469,2026-08-18
504,MergeSort,500,159666,470,2026-08-18
505,QuickSort,500,122000,470,2026-08-18
506,InsertionSort,500,179266,470,2026-08-18
507,SelectionSort,500,303600,470,2026-08-18
508,MergeSort,1000,240833,472,2026-08-18
509,QuickSort,1000,381833,472,2026-08-18
510,InsertionSort,1000,293300,472,2026-08-18
511,SelectionSort,1000,832466,472,2026-08-18
512,MergeSort,5000,1768466,488,2026-08-18
513,QuickSort,5000,774466,488,2026-08-18
514,InsertionSort,5000,5668800,488,2026-08-18
515,SelectionSort,5000,19776733,488,2026-08-18
516,MergeSort,10000,2828000,976,2026-08-18
517,QuickSort,10000,1973933,507,2026-08-18
518,InsertionSort,10000,22102966,507,2026-08-18
519,SelectionSort,10000,106651366,507,2026-08-18
520,LinearSearch,100,28566,0,2026-08-18
521,BinarySearch,100,24233,0,2026-08-18
522,LinearSearch,500,11733,0,2026-08-18
523,BinarySearch,500,17233,0,2026-08-18
524,LinearSearch,1000,42433,0,2026-08-18
525,BinarySearch,1000,13166,0,2026-08-18
526,LinearSearch,5000,15233,0,2026-08-18
527,BinarySearch,5000,20300,0,2026-08-18
528,LinearSearch,10000,13233,0,2026-08-18
529,BinarySearch,10000,22800,0,2026-08-18
530,HashTable_Insert,100,36333,468,2026-08-18
531,HashTable_Search,100,13633,0,2026-08-18
532,HashTable_Insert,500,59266,468,2026-08-18
533,HashTable_Search,500,31833,0,2026-08-18
534,HashTable_Insert,1000,94533,468,2026-08-18
535,HashTable_Search,1000,33633,0,2026-08-18
536,HashTable_Insert,5000,471000,468,2026-08-18
537,HashTable_Search,5000,247466,0,2026-08-18
538,HashTable_Insert,10000,1089133,1015,2026-08-18
539,HashTable_Search,10000,284366,0,2026-08-18
540,HashTable_Insert,20000,1488166,1934,2026-08-18
541,HashTable_Search,20000,307000,0,2026-08-18
542,BST_Insert,100,50233,457,2026-08-18
543,RedBlackTree_Insert,100,49766,468,2026-08-18
544,BST_Search,100,23433,0,2026-08-18
545,RedBlackTree_Search,100,27333,0,2026-08-18
546,BST_Insert,500,100866,468,2026-08-18
547,RedBlackTree_Insert,500,119400,468,2026-08-18
548,BST_Search,500,95766,0,2026-08-18
549,RedBlackTree_Search,500,89300,0,2026-08-18
550,BST_Insert,1000,318533,468,2026-08-18
551,RedBlackTree_Insert,1000,206366,468,2026-08-18
552,BST_Search,1000,366266,0,2026-08-18
553,RedBlackTree_Search,1000,215666,0,2026-08-18
554,BST_Insert,5000,1459633,468,2026-08-18
555,RedBlackTree_Insert,5000,2165233,468,2026-08-18
556,BST_Search,5000,2627966,0,2026-08-18
557,RedBlackTree_Search,5000,1100900,0,2026-08-18
558,BST_Insert,10000,11388833,468,2026-08-18
559,RedBlackTree_Insert,10000,4837666,468,2026-08-18
560,BST_Search,10000,4616533,0,2026-08-18
561,RedBlackTree_Search,10000,8787866,0,2026-08-18
562,PriorityQueue_Enqueue,100,44500,457,2026-08-18
563,PriorityQueue_Dequeue,100,53533,468,2026-08-18
564,PriorityQueue_Enqueue,500,135966,468,2026-08-18
565,PriorityQueue_Dequeue,500,182433,468,2026-08-18
566,PriorityQueue_Enqueue,1000,90600,468,2026-08-18
567,PriorityQueue_Dequeue,1000,282466,468,2026-08-18
568,PriorityQueue_Enqueue,5000,336566,468,2026-08-18
569,PriorityQueue_Dequeue,5000,1986066,468,2026-08-18
570,PriorityQueue_Enqueue,10000,1141800,468,2026-08-18
571,PriorityQueue_Dequeue,10000,14077766,468,2026-08-18
572,PriorityQueue_Enqueue,20000,1231566,937,2026-08-18
573,PriorityQueue_Dequeue,20000,11735233,937,2026-08-18
574,BFS_Traversal,117,225200,469,2026-08-18
575,DFS_Traversal,117,410800,469,2026-08-18
576,Dijkstra_SingleSource,117,225800,469,2026-08-18
577,Prim_MST,117,254766,469,2026-08-18
578,Kruskal_MST,117,813633,479,2026-08-18
579,BFS_Connected,58,417633,469,2026-08-18
580,DFS_CycleDetect,58,102266,469,2026-08-18
581,MergeSort,100,145100,469,2026-08-18
582,QuickSort,100,66466,469,2026-08-18
583,InsertionSort,100,39200,469,2026-08-18
584,SelectionSort,100,54033,469,2026-08-18
585,MergeSort,500,147566,470,2026-08-18
586,QuickSort,500,147800,470,2026-08-18
587,InsertionSort,500,101033,470,2026-08-18
588,SelectionSort,500,416566,470,2026-08-18
589,MergeSort,1000,273033,472,2026-08-18
590,QuickSort,1000,143900,472,2026-08-18
591,InsertionSort,1000,259200,472,2026-08-18
592,SelectionSort,1000,786533,472,2026-08-18
593,MergeSort,5000,1224833,488,2026-08-18
594,QuickSort,5000,804900,488,2026-08-18
595,InsertionSort,5000,5606200,488,2026-08-18
596,SelectionSort,5000,24901200,488,2026-08-18
597,MergeSort,10000,2778166,976,2026-08-18
598,QuickSort,10000,1483033,507,2026-08-18
599,InsertionSort,10000,25047200,507,2026-08-18
600,SelectionSort,10000,99363833,507,2026-08-18
601,LinearSearch,100,22566,0,2026-08-18
602,BinarySearch,100,11600,0,2026-08-18
603,LinearSearch,500,13833,0,2026-08-18
604,BinarySearch,500,12366,0,2026-08-18
605,LinearSearch,1000,15266,0,2026-08-18
606,BinarySearch,1000,14533,0,2026-08-18
607,LinearSearch,5000,13666,0,2026-08-18
608,BinarySearch,5000,35900,0,2026-08-18
609,LinearSearch,10000,28600,0,2026-08-18
610,BinarySearch,10000,14966,0,2026-08-18
611,HashTable_Insert,100,51800,468,2026-08-18
612,HashTable_Search,100,32733,0,2026-08-18
613,HashTable_Insert,500,63433,468,2026-08-18
614,HashTable_Search,500,41100,0,2026-08-18
615,HashTable_Insert,1000,155366,468,2026-08-18
616,HashTable_Search,1000,34800,0,2026-08-18
617,HashTable_Insert,5000,340633,468,2026-08-18
618,HashTable_Search,5000,138300,0,2026-08-18
619,HashTable_Insert,10000,625033,967,2026-08-18
620,HashTable_Search,10000,193700,10,2026-08-18
621,HashTable_Insert,20000,1873866,1934,2026-08-18
622,HashTable_Search,20000,461266,0,2026-08-18
623,BST_Insert,100,81900,457,2026-08-18
624,RedBlackTree_Insert,100,84466,468,2026-08-18
625,BST_Search,100,37900,0,2026-08-18
626,RedBlackTree_Search,100,34433,0,2026-08-18
627,BST_Insert,500,119666,468,2026-08-18
628,RedBlackTree_Insert,500,144966,468,2026-08-18
629,BST_Search,500,82333,0,2026-08-18
630,RedBlackTree_Search,500,85866,0,2026-08-18
631,BST_Insert,1000,228200,468,2026-08-18
632,RedBlackTree_Insert,1000,224300,468,2026-08-18
633,BST_Search,1000,176833,0,2026-08-18
634,RedBlackTree_Search,1000,119733,0,2026-08-18
635,BST_Insert,5000,1996266,468,2026-08-18
636,RedBlackTree_Insert,5000,1258333,468,2026-08-18
637,BST_Search,5000,5974833,0,2026-08-18
638,RedBlackTree_Search,5000,1340666,0,2026-08-18
639,BST_Insert,10000,10298166,457,2026-08-18
640,RedBlackTree_Insert,10000,4750633,468,2026-08-18
641,BST_Search,10000,6387666,0,2026-08-18
642,RedBlackTree_Search,10000,3066066,0,2026-08-18
643,PriorityQueue_Enqueue,100,35966,457,2026-08-18
644,PriorityQueue_Dequeue,100,59300,468,2026-08-18
645,PriorityQueue_Enqueue,500,50500,468,2026-08-18
646,PriorityQueue_Dequeue,500,156033,468,2026-08-18
647,PriorityQueue_Enqueue,1000,129433,468,2026-08-18
648,PriorityQueue_Dequeue,1000,349533,468,2026-08-18
649,PriorityQueue_Enqueue,5000,677366,468,2026-08-18
650,PriorityQueue_Dequeue,5000,2408366,468,2026-08-18
651,PriorityQueue_Enqueue,10000,808933,468,2026-08-18
652,PriorityQueue_Dequeue,10000,4835300,468,2026-08-18
653,PriorityQueue_Enqueue,20000,1139433,937,2026-08-18
654,PriorityQueue_Dequeue,20000,14504233,937,2026-08-18
655,BFS_Traversal,117,274433,469,2026-08-18
656,DFS_Traversal,117,421433,469,2026-08-18
657,Dijkstra_SingleSource,117,155400,469,2026-08-18
658,Prim_MST,117,402766,469,2026-08-18
659,Kruskal_MST,117,361366,469,2026-08-18
660,BFS_Connected,58,272466,469,2026-08-18
661,DFS_CycleDetect,58,132466,469,2026-08-18
662,MergeSort,100,38666,499,2026-08-18
663,QuickSort,100,83600,499,2026-08-18
664,InsertionSort,100,157200,499,2026-08-18
665,SelectionSort,100,224033,499,2026-08-18
666,MergeSort,500,584366,501,2026-08-18
667,QuickSort,500,138566,501,2026-08-18
668,InsertionSort,500,1133333,501,2026-08-18
669,SelectionSort,500,1496300,501,2026-08-18
670,MergeSort,1000,1575566,503,2026-08-18
671,QuickSort,1000,883566,503,2026-08-18
672,InsertionSort,1000,195066,503,2026-08-18
673,SelectionSort,1000,577600,503,2026-08-18
674,MergeSort,5000,1003800,518,2026-08-18
675,QuickSort,5000,606033,518,2026-08-18
676,InsertionSort,5000,3550500,518,2026-08-18
677,SelectionSort,5000,11017233,518,2026-08-18
678,MergeSort,10000,1935700,1037,2026-08-18
679,QuickSort,10000,1053666,538,2026-08-18
680,InsertionSort,10000,18166466,538,2026-08-18
681,SelectionSort,10000,80780000,538,2026-08-18
682,LinearSearch,100,15400,0,2026-08-18
683,BinarySearch,100,38133,0,2026-08-18
684,LinearSearch,500,154433,0,2026-08-18
685,BinarySearch,500,16966,0,2026-08-18
686,LinearSearch,1000,18833,0,2026-08-18
687,BinarySearch,1000,22233,6,2026-08-18
688,LinearSearch,5000,73766,0,2026-08-18
689,BinarySearch,5000,16533,0,2026-08-18
690,LinearSearch,10000,25200,0,2026-08-18
691,BinarySearch,10000,36166,0,2026-08-18
692,HashTable_Insert,100,557200,499,2026-08-18
693,HashTable_Search,100,426066,0,2026-08-18
694,HashTable_Insert,500,365133,499,2026-08-18
695,HashTable_Search,500,119633,499,2026-08-18
696,HashTable_Insert,1000,758466,499,2026-08-18
697,HashTable_Search,1000,246333,332,2026-08-18
698,HashTable_Insert,5000,308533,499,2026-08-18
699,HashTable_Search,5000,167300,0,2026-08-18
700,HashTable_Insert,10000,743333,1076,2026-08-18
701,HashTable_Search,10000,234833,0,2026-08-18
702,HashTable_Insert,20000,2312966,1773,2026-08-18
703,HashTable_Search,20000,518200,0,2026-08-18
704,BST_Insert,100,334100,487,2026-08-18
705,RedBlackTree_Insert,100,514966,499,2026-08-18
706,BST_Search,100,1748133,0,2026-08-18
707,RedBlackTree_Search,100,103600,0,2026-08-18
708,BST_Insert,500,355066,499,2026-08-18
709,RedBlackTree_Insert,500,413766,499,2026-08-18
710,BST_Search,500,234166,0,2026-08-18
711,RedBlackTree_Search,500,188433,0,2026-08-18
712,BST_Insert,1000,389500,499,2026-08-18
713,RedBlackTree_Insert,1000,206666,499,2026-08-18
714,BST_Search,1000,167700,0,2026-08-18
715,RedBlackTree_Search,1000,1415400,0,2026-08-18
716,BST_Insert,5000,2656066,499,2026-08-18
717,RedBlackTree_Insert,5000,1854933,499,2026-08-18
718,BST_Search,5000,2098000,0,2026-08-18
719,RedBlackTree_Search,5000,1779900,0,2026-08-18
720,BST_Insert,10000,4319933,487,2026-08-18
721,RedBlackTree_Insert,10000,8866733,499,2026-08-18
722,BST_Search,10000,7889400,0,2026-08-18
723,RedBlackTree_Search,10000,3039833,0,2026-08-18
724,PriorityQueue_Enqueue,100,145600,487,2026-08-18
725,PriorityQueue_Dequeue,100,239533,499,2026-08-18
726,PriorityQueue_Enqueue,500,146600,499,2026-08-18
727,PriorityQueue_Dequeue,500,258400,499,2026-08-18
728,PriorityQueue_Enqueue,1000,148233,499,2026-08-18
729,PriorityQueue_Dequeue,1000,499766,499,2026-08-18
730,PriorityQueue_Enqueue,5000,255733,499,2026-08-18
731,PriorityQueue_Dequeue,5000,1490166,499,2026-08-18
732,PriorityQueue_Enqueue,10000,714133,499,2026-08-18
733,PriorityQueue_Dequeue,10000,4596233,475,2026-08-18
734,PriorityQueue_Enqueue,20000,1426533,974,2026-08-18
735,PriorityQueue_Dequeue,20000,11886866,998,2026-08-18
736,BFS_Traversal,117,660266,499,2026-08-18
737,DFS_Traversal,117,1211700,499,2026-08-18
738,Dijkstra_SingleSource,117,827300,499,2026-08-18
739,Prim_MST,117,488900,499,2026-08-18
740,Kruskal_MST,117,1726133,500,2026-08-18
741,BFS_Connected,58,238533,499,2026-08-18
742,DFS_CycleDetect,58,110066,499,2026-08-18
743,MergeSort,100,40500,499,2026-08-18
744,QuickSort,100,34000,499,2026-08-18
745,InsertionSort,100,30233,499,2026-08-18
746,SelectionSort,100,45966,499,2026-08-18
747,MergeSort,500,122133,501,2026-08-18
748,QuickSort,500,54966,501,2026-08-18
749,InsertionSort,500,56866,501,2026-08-18
750,SelectionSort,500,171533,501,2026-08-18
751,MergeSort,1000,267466,503,2026-08-18
752,QuickSort,1000,217800,503,2026-08-18
753,InsertionSort,1000,223400,503,2026-08-18
754,SelectionSort,1000,534466,503,2026-08-18
755,MergeSort,5000,916333,518,2026-08-18
756,QuickSort,5000,641733,518,2026-08-18
757,InsertionSort,5000,4839766,518,2026-08-18
758,SelectionSort,5000,12157200,518,2026-08-18
759,MergeSort,10000,2071066,1037,2026-08-18
760,QuickSort,10000,1066366,538,2026-08-18
761,InsertionSort,10000,15344766,538,2026-08-18
762,SelectionSort,10000,49968100,538,2026-08-18
763,LinearSearch,100,8100,0,2026-08-18
764,BinarySearch,100,8866,0,2026-08-18
765,LinearSearch,500,24433,0,2026-08-18
766,BinarySearch,500,7700,0,2026-08-18
767,LinearSearch,1000,10100,0,2026-08-18
768,BinarySearch,1000,13133,0,2026-08-18
769,LinearSearch,5000,51900,0,2026-08-18
770,BinarySearch,5000,10733,0,2026-08-18
771,LinearSearch,10000,12066,0,2026-08-18
772,BinarySearch,10000,10733,0,2026-08-18
773,HashTable_Insert,100,30633,499,2026-08-18
774,HashTable_Search,100,10033,0,2026-08-18
775,HashTable_Insert,500,53133,499,2026-08-18
776,HashTable_Search,500,22333,0,2026-08-18
777,HashTable_Insert,1000,63666,499,2026-08-18
778,HashTable_Search,1000,18000,0,2026-08-18
779,HashTable_Insert,5000,243466,499,2026-08-18
780,HashTable_Search,5000,127033,0,2026-08-18
781,HashTable_Insert,10000,654233,1076,2026-08-18
782,HashTable_Search,10000,123900,0,2026-08-18
783,HashTable_Insert,20000,681033,1773,2026-08-18
784,HashTable_Search,20000,189966,0,2026-08-18
785,BST_Insert,100,43333,487,2026-08-18
786,RedBlackTree_Insert,100,58933,499,2026-08-18
787,BST_Search,100,27733,0,2026-08-18
788,RedBlackTree_Search,100,26100,0,2026-08-18
789,BST_Insert,500,77700,499,2026-08-18
790,RedBlackTree_Insert,500,82166,499,2026-08-18
791,BST_Search,500,99433,0,2026-08-18
792,RedBlackTree_Search,500,66600,0,2026-08-18
793,BST_Insert,1000,217966,499,2026-08-18
794,RedBlackTree_Insert,1000,173366,499,2026-08-18
795,BST_Search,1000,217600,0,2026-08-18
796,RedBlackTree_Search,1000,133266,0,2026-08-18
797,BST_Insert,5000,1213800,499,2026-08-18
798,RedBlackTree_Insert,5000,1115766,499,2026-08-18
799,BST_Search,5000,1117466,0,2026-08-18
800,RedBlackTree_Search,5000,818633,0,2026-08-18
801,BST_Insert,10000,2248800,499,2026-08-18
802,RedBlackTree_Insert,10000,2197366,499,2026-08-18
803,BST_Search,10000,2550233,0,2026-08-18
804,RedBlackTree_Search,10000,1283200,0,2026-08-18
805,PriorityQueue_Enqueue,100,33100,487,2026-08-18
806,PriorityQueue_Dequeue,100,42100,499,2026-08-18
807,PriorityQueue_Enqueue,500,90766,499,2026-08-18
808,PriorityQueue_Dequeue,500,92000,499,2026-08-18
809,PriorityQueue_Enqueue,1000,76433,499,2026-08-18
810,PriorityQueue_Dequeue,1000,218466,499,2026-08-18
811,PriorityQueue_Enqueue,5000,179900,499,2026-08-18
812,PriorityQueue_Dequeue,5000,1046766,499,2026-08-18
813,PriorityQueue_Enqueue,10000,388400,499,2026-08-18
814,PriorityQueue_Dequeue,10000,3293300,499,2026-08-18
815,PriorityQueue_Enqueue,20000,692500,998,2026-08-18
816,PriorityQueue_Dequeue,20000,11878533,998,2026-08-18
817,BFS_Traversal,117,205600,499,2026-08-18
818,DFS_Traversal,117,329633,499,2026-08-18
819,Dijkstra_SingleSource,117,208833,499,2026-08-18
820,Prim_MST,117,225133,499,2026-08-18
821,Kruskal_MST,117,209166,500,2026-08-18
822,BFS_Connected,58,445466,499,2026-08-18
823,DFS_CycleDetect,58,68733,499,2026-08-18
824,MergeSort,100,61366,499,2026-08-18
825,QuickSort,100,45433,499,2026-08-18
826,InsertionSort,100,34766,499,2026-08-18
827,SelectionSort,100,33266,499,2026-08-18
828,MergeSort,500,103166,501,2026-08-18
829,QuickSort,500,76100,501,2026-08-18
830,InsertionSort,500,104633,501,2026-08-18
831,SelectionSort,500,221433,501,2026-08-18
832,MergeSort,1000,178066,503,2026-08-18
833,QuickSort,1000,98033,503,2026-08-18
834,InsertionSort,1000,183433,503,2026-08-18
835,SelectionSort,1000,670033,503,2026-08-18
836,MergeSort,5000,722666,518,2026-08-18
837,QuickSort,5000,575700,518,2026-08-18
838,InsertionSort,5000,3916333,518,2026-08-18
839,SelectionSort,5000,13429666,518,2026-08-18
840,MergeSort,10000,1659966,1037,2026-08-18
841,QuickSort,10000,1278066,538,2026-08-18
842,InsertionSort,10000,16299466,538,2026-08-18
843,SelectionSort,10000,52603300,538,2026-08-18
844,LinearSearch,100,9566,0,2026-08-18
845,BinarySearch,100,9700,0,2026-08-18
846,LinearSearch,500,21333,0,2026-08-18
847,BinarySearch,500,10333,0,2026-08-18
848,LinearSearch,1000,16400,0,2026-08-18
849,BinarySearch,1000,17766,0,2026-08-18
850,LinearSearch,5000,27533,0,2026-08-18
851,BinarySearch,5000,18700,0,2026-08-18
852,LinearSearch,10000,25633,0,2026-08-18
853,BinarySearch,10000,18566,0,2026-08-18
854,HashTable_Insert,100,44533,499,2026-08-18
855,HashTable_Search,100,7500,0,2026-08-18
856,HashTable_Insert,500,58033,499,2026-08-18
857,HashTable_Search,500,35133,19,2026-08-18
858,HashTable_Insert,1000,78166,499,2026-08-18
859,HashTable_Search,1000,24700,0,2026-08-18
860,HashTable_Insert,5000,167933,499,2026-08-18
861,HashTable_Search,5000,57033,0,2026-08-18
862,HashTable_Insert,10000,469066,1052,2026-08-18
863,HashTable_Search,10000,319300,0,2026-08-18
864,HashTable_Insert,20000,967466,1773,2026-08-18
865,HashTable_Search,20000,325700,0,2026-08-18
866,BST_Insert,100,47133,487,2026-08-18
867,RedBlackTree_Insert,100,87200,499,2026-08-18
868,BST_Search,100,30233,0,2026-08-18
869,RedBlackTree_Search,100,18133,0,2026-08-18
870,BST_Insert,500,114333,499,2026-08-18
871,RedBlackTree_Insert,500,91966,499,2026-08-18
872,BST_Search,500,86933,0,2026-08-18
873,RedBlackTree_Search,500,48233,0,2026-08-18
874,BST_Insert,1000,153800,499,2026-08-18
875,RedBlackTree_Insert,1000,177533,499,2026-08-18
876,BST_Search,1000,185966,0,2026-08-18
877,RedBlackTree_Search,1000,134066,0,2026-08-18
878,BST_Insert,5000,1150533,499,2026-08-18
879,RedBlackTree_Insert,5000,1390400,499,2026-08-18
880,BST_Search,5000,2674333,0,2026-08-18
881,RedBlackTree_Search,5000,1785433,0,2026-08-18
882,BST_Insert,10000,3119800,487,2026-08-18
883,RedBlackTree_Insert,10000,2531433,499,2026-08-18
884,BST_Search,10000,3292466,0,2026-08-18
885,RedBlackTree_Search,10000,2386600,0,2026-08-18
886,PriorityQueue_Enqueue,100,29300,487,2026-08-18
887,PriorityQueue_Dequeue,100,56566,499,2026-08-18
888,PriorityQueue_Enqueue,500,51066,499,2026-08-18
889,PriorityQueue_Dequeue,500,148766,499,2026-08-18
890,PriorityQueue_Enqueue,1000,81000,499,2026-08-18
891,PriorityQueue_Dequeue,1000,264200,499,2026-08-18
892,PriorityQueue_Enqueue,5000,170433,499,2026-08-18
893,PriorityQueue_Dequeue,5000,1328200,499,2026-08-18
894,PriorityQueue_Enqueue,10000,427833,499,2026-08-18
895,PriorityQueue_Dequeue,10000,2898633,499,2026-08-18
896,PriorityQueue_Enqueue,20000,647766,998,2026-08-18
897,PriorityQueue_Dequeue,20000,5963933,998,2026-08-18
898,BFS_Traversal,117,160500,499,2026-08-18
899,DFS_Traversal,117,200800,499,2026-08-18
900,Dijkstra_SingleSource,117,142600,499,2026-08-18
901,Prim_MST,117,274200,499,2026-08-18
902,Kruskal_MST,117,232466,500,2026-08-18
903,BFS_Connected,58,211900,499,2026-08-18
904,DFS_CycleDetect,58,110433,499,2026-08-18
905,MergeSort,100,112000,499,2026-08-18
906,QuickSort,100,37066,499,2026-08-18
907,InsertionSort,100,50300,499,2026-08-18
908,SelectionSort,100,58566,499,2026-08-18
909,MergeSort,500,126066,501,2026-08-18
910,QuickSort,500,84666,501,2026-08-18
911,InsertionSort,500,113000,501,2026-08-18
912,SelectionSort,500,221866,501,2026-08-18
913,MergeSort,1000,228133,503,2026-08-18
914,QuickSort,1000,113800,503,2026-08-18
915,InsertionSort,1000,245000,503,2026-08-18
916,SelectionSort,1000,795566,509,2026-08-18
917,MergeSort,5000,1164733,518,2026-08-18
918,QuickSort,5000,730133,518,2026-08-18
919,InsertionSort,5000,6808466,518,2026-08-18
920,SelectionSort,5000,14123566,518,2026-08-18
921,MergeSort,10000,2815400,1037,2026-08-18
922,QuickSort,10000,1326800,538,2026-08-18
923,InsertionSort,10000,22382566,538,2026-08-18
924,SelectionSort,10000,70473233,538,2026-08-18
925,LinearSearch,100,35366,0,2026-08-18
926,BinarySearch,100,13433,0,2026-08-18
927,LinearSearch,500,10066,0,2026-08-18
928,BinarySearch,500,11333,0,2026-08-18
929,LinearSearch,1000,21700,0,2026-08-18
930,BinarySearch,1000,10233,0,2026-08-18
931,LinearSearch,5000,31000,0,2026-08-18
932,BinarySearch,5000,13500,0,2026-08-18
933,LinearSearch,10000,16766,0,2026-08-18
934,BinarySearch,10000,11833,0,2026-08-18
935,HashTable_Insert,100,36566,499,2026-08-18
936,HashTable_Search,100,19700,0,2026-08-18
937,HashTable_Insert,500,120933,499,2026-08-18
938,HashTable_Search,500,16633,0,2026-08-18
939,HashTable_Insert,1000,97266,499,2026-08-18
940,HashTable_Search,1000,25033,0,2026-08-18
941,HashTable_Insert,5000,250033,499,2026-08-18
942,HashTable_Search,5000,65833,0,2026-08-18
943,HashTable_Insert,10000,1211766,1052,2026-08-18
944,HashTable_Search,10000,107900,0,2026-08-18
945,HashTable_Insert,20000,1452600,1773,2026-08-18
946,HashTable_Search,20000,327766,0,2026-08-18
947,BST_Insert,100,33600,487,2026-08-18
948,RedBlackTree_Insert,100,143666,499,2026-08-18
949,BST_Search,100,19933,0,2026-08-18
950,RedBlackTree_Search,100,20800,0,2026-08-18
951,BST_Insert,500,98333,499,2026-08-18
952,RedBlackTree_Insert,500,102333,499,2026-08-18
953,BST_Search,500,105466,0,2026-08-18
954,RedBlackTree_Search,500,53066,0,2026-08-18
955,BST_Insert,1000,207733,499,2026-08-18
956,RedBlackTree_Insert,1000,171933,499,2026-08-18
957,BST_Search,1000,192533,0,2026-08-18
958,RedBlackTree_Search,1000,125733,0,2026-08-18
959,BST_Insert,5000,1240433,499,2026-08-18
960,RedBlackTree_Insert,5000,1474700,499,2026-08-18
961,BST_Search,5000,1513200,0,2026-08-18
962,RedBlackTree_Search,5000,934433,0,2026-08-18
963,BST_Insert,10000,3065000,487,2026-08-18
964,RedBlackTree_Insert,10000,3485800,499,2026-08-18
965,BST_Search,10000,11380400,0,2026-08-18
966,RedBlackTree_Search,10000,3306900,0,2026-08-18
967,PriorityQueue_Enqueue,100,27566,487,2026-08-18
968,PriorityQueue_Dequeue,100,77133,499,2026-08-18
969,PriorityQueue_Enqueue,500,71500,499,2026-08-18
970,PriorityQueue_Dequeue,500,132933,499,2026-08-18
971,PriorityQueue_Enqueue,1000,60833,512,2026-08-18
972,PriorityQueue_Dequeue,1000,291733,499,2026-08-18
973,PriorityQueue_Enqueue,5000,253866,499,2026-08-18
974,PriorityQueue_Dequeue,5000,2978200,499,2026-08-18
975,PriorityQueue_Enqueue,10000,463433,499,2026-08-18
976,PriorityQueue_Dequeue,10000,4119966,499,2026-08-18
977,PriorityQueue_Enqueue,20000,1118166,998,2026-08-18
978,PriorityQueue_Dequeue,20000,22413866,998,2026-08-18
979,BFS_Traversal,117,216500,499,2026-08-18
980,DFS_Traversal,117,305600,499,2026-08-18
981,Dijkstra_SingleSource,117,161200,499,2026-08-18
982,Prim_MST,117,253200,499,2026-08-18
983,Kruskal_MST,117,410733,500,2026-08-18
984,BFS_Connected,58,309366,499,2026-08-18
985,DFS_CycleDetect,58,73400,499,2026-08-18
986,MergeSort,100,100733,499,2026-08-18
987,QuickSort,100,46366,499,2026-08-18
988,InsertionSort,100,35033,499,2026-08-18
989,SelectionSort,100,57866,499,2026-08-18
990,MergeSort,500,518266,501,2026-08-18
991,QuickSort,500,203000,501,2026-08-18
992,InsertionSort,500,100233,501,2026-08-18
993,SelectionSort,500,225000,501,2026-08-18
994,MergeSort,1000,384466,503,2026-08-18
995,QuickSort,1000,154633,503,2026-08-18
996,InsertionSort,1000,210300,503,2026-08-18
997,SelectionSort,1000,730633,503,2026-08-18
998,MergeSort,5000,1199266,518,2026-08-18
999,QuickSort,5000,3920033,518,2026-08-18
1000,InsertionSort,5000,5601900,518,2026-08-18
1001,SelectionSort,5000,15517466,518,2026-08-18
1002,MergeSort,10000,3561400,1037,2026-08-18
1003,QuickSort,10000,1363100,538,2026-08-18
1004,InsertionSort,10000,17474233,538,2026-08-18
1005,SelectionSort,10000,67591366,538,2026-08-18
1006,LinearSearch,100,8866,0,2026-08-18
1007,BinarySearch,100,14300,0,2026-08-18
1008,LinearSearch,500,11533,0,2026-08-18
1009,BinarySearch,500,11066,0,2026-08-18
1010,LinearSearch,1000,11466,0,2026-08-18
1011,BinarySearch,1000,12866,0,2026-08-18
1012,LinearSearch,5000,12533,0,2026-08-18
1013,BinarySearch,5000,13933,0,2026-08-18
1014,LinearSearch,10000,16800,0,2026-08-18
1015,BinarySearch,10000,18266,0,2026-08-18
1016,HashTable_Insert,100,32866,499,2026-08-18
1017,HashTable_Search,100,11700,0,2026-08-18
1018,HashTable_Insert,500,55033,499,2026-08-18
1019,HashTable_Search,500,20533,0,2026-08-18
1020,HashTable_Insert,1000,94033,499,2026-08-18
1021,HashTable_Search,1000,25100,0,2026-08-18
1022,HashTable_Insert,5000,515166,499,2026-08-18
1023,HashTable_Search,5000,136533,0,2026-08-18
1024,HashTable_Insert,10000,721633,1052,2026-08-18
1025,HashTable_Search,10000,211700,0,2026-08-18
1026,HashTable_Insert,20000,658266,1779,2026-08-18
1027,HashTable_Search,20000,205500,0,2026-08-18
1028,BST_Insert,100,63300,487,2026-08-18
1029,RedBlackTree_Insert,100,40300,499,2026-08-18
1030,BST_Search,100,89133,0,2026-08-18
1031,RedBlackTree_Search,100,25900,0,2026-08-18
1032,BST_Insert,500,88333,499,2026-08-18
1033,RedBlackTree_Insert,500,101200,499,2026-08-18
1034,BST_Search,500,68700,0,2026-08-18
1035,RedBlackTree_Search,500,61266,0,2026-08-18
1036,BST_Insert,1000,156600,499,2026-08-18
1037,RedBlackTree_Insert,1000,191800,499,2026-08-18
1038,BST_Search,1000,251833,0,2026-08-18
1039,RedBlackTree_Search,1000,117733,0,2026-08-18
1040,BST_Insert,5000,1182033,499,2026-08-18
1041,RedBlackTree_Insert,5000,1069000,499,2026-08-18
1042,BST_Search,5000,1287200,0,2026-08-18
1043,RedBlackTree_Search,5000,1523166,0,2026-08-18
1044,BST_Insert,10000,3140833,487,2026-08-18
1045,RedBlackTree_Insert,10000,2461300,499,2026-08-18
1046,BST_Search,10000,12156000,0,2026-08-18
1047,RedBlackTree_Search,10000,2749033,0,2026-08-18
1048,PriorityQueue_Enqueue,100,34866,487,2026-08-18
1049,PriorityQueue_Dequeue,100,68066,499,2026-08-18
1050,PriorityQueue_Enqueue,500,66633,499,2026-08-18
1051,PriorityQueue_Dequeue,500,136400,499,2026-08-18
1052,PriorityQueue_Enqueue,1000,59833,499,2026-08-18
1053,PriorityQueue_Dequeue,1000,326433,499,2026-08-18
1054,PriorityQueue_Enqueue,5000,293466,499,2026-08-18
1055,PriorityQueue_Dequeue,5000,1431100,499,2026-08-18
1056,PriorityQueue_Enqueue,10000,450866,499,2026-08-18
1057,PriorityQueue_Dequeue,10000,6443966,499,2026-08-18
1058,PriorityQueue_Enqueue,20000,1294166,998,2026-08-18
1059,PriorityQueue_Dequeue,20000,9373666,998,2026-08-18
1060,BFS_Traversal,117,305566,499,2026-08-18
1061,DFS_Traversal,117,418966,499,2026-08-18
1062,Dijkstra_SingleSource,117,183566,499,2026-08-18
1063,Prim_MST,117,358033,499,2026-08-18
1064,Kruskal_MST,117,317600,500,2026-08-18
1065,BFS_Connected,58,291400,499,2026-08-18
1066,DFS_CycleDetect,58,83166,499,2026-08-18
1067,MergeSort,100,62633,508,2026-08-18
1068,QuickSort,100,57133,508,2026-08-18
1069,InsertionSort,100,56966,508,2026-08-18
1070,SelectionSort,100,30966,508,2026-08-18
1071,MergeSort,500,99533,509,2026-08-18
1072,QuickSort,500,68800,509,2026-08-18
1073,InsertionSort,500,75233,509,2026-08-18
1074,SelectionSort,500,214466,509,2026-08-18
1075,MergeSort,1000,217466,511,2026-08-18
1076,QuickSort,1000,125100,511,2026-08-18
1077,InsertionSort,1000,199200,511,2026-08-18
1078,SelectionSort,1000,470466,511,2026-08-18
1079,MergeSort,5000,1019200,527,2026-08-18
1080,QuickSort,5000,608800,527,2026-08-18
1081,InsertionSort,5000,4476233,527,2026-08-18
1082,SelectionSort,5000,23857566,527,2026-08-18
1083,MergeSort,10000,1894100,1055,2026-08-18
1084,QuickSort,10000,1083900,546,2026-08-18
1085,InsertionSort,10000,16996833,546,2026-08-18
1086,SelectionSort,10000,54035166,546,2026-08-18
1087,LinearSearch,100,11100,0,2026-08-18
1088,BinarySearch,100,18500,0,2026-08-18
1089,LinearSearch,500,14133,0,2026-08-18
1090,BinarySearch,500,10633,0,2026-08-18
1091,LinearSearch,1000,23533,0,2026-08-18
1092,BinarySearch,1000,10266,0,2026-08-18
1093,LinearSearch,5000,32100,0,2026-08-18
1094,BinarySearch,5000,10800,0,2026-08-18
1095,LinearSearch,10000,24133,0,2026-08-18
1096,BinarySearch,10000,12666,0,2026-08-18
1097,HashTable_Insert,100,31000,507,2026-08-18
1098,HashTable_Search,100,8666,0,2026-08-18
1099,HashTable_Insert,500,44600,507,2026-08-18
1100,HashTable_Search,500,14466,0,2026-08-18
1101,HashTable_Insert,1000,80166,507,2026-08-18
1102,HashTable_Search,1000,34666,0,2026-08-18
1103,HashTable_Insert,5000,223333,512,2026-08-18
1104,HashTable_Search,5000,79866,0,2026-08-18
1105,HashTable_Insert,10000,446666,1093,2026-08-18
1106,HashTable_Search,10000,128033,0,2026-08-18
1107,HashTable_Insert,20000,1267400,1800,2026-08-18
1108,HashTable_Search,20000,406200,0,2026-08-18
1109,BST_Insert,100,28700,495,2026-08-18
1110,RedBlackTree_Insert,100,53633,507,2026-08-18
1111,BST_Search,100,30466,0,2026-08-18
1112,RedBlackTree_Search,100,16833,0,2026-08-18
1113,BST_Insert,500,78066,507,2026-08-18
1114,RedBlackTree_Insert,500,113833,507,2026-08-18
1115,BST_Search,500,70566,0,2026-08-18
1116,RedBlackTree_Search,500,54966,0,2026-08-18
1117,BST_Insert,1000,147900,507,2026-08-18
1118,RedBlackTree_Insert,1000,168466,507,2026-08-18
1119,BST_Search,1000,154466,0,2026-08-18
1120,RedBlackTree_Search,1000,95200,0,2026-08-18
1121,BST_Insert,5000,949400,512,2026-08-18
1122,RedBlackTree_Insert,5000,1179433,507,2026-08-18
1123,BST_Search,5000,866966,0,2026-08-18
1124,RedBlackTree_Search,5000,1645333,0,2026-08-18
1125,BST_Insert,10000,2649333,507,2026-08-18
1126,RedBlackTree_Insert,10000,3376933,507,2026-08-18
1127,BST_Search,10000,6378000,0,2026-08-18
1128,RedBlackTree_Search,10000,2211800,0,2026-08-18
1129,PriorityQueue_Enqueue,100,65166,495,2026-08-18
1130,PriorityQueue_Dequeue,100,70833,507,2026-08-18
1131,PriorityQueue_Enqueue,500,44100,507,2026-08-18
1132,PriorityQueue_Dequeue,500,121466,507,2026-08-18
1133,PriorityQueue_Enqueue,1000,61466,507,2026-08-18
1134,PriorityQueue_Dequeue,1000,245700,507,2026-08-18
1135,PriorityQueue_Enqueue,5000,221066,507,2026-08-18
1136,PriorityQueue_Dequeue,5000,1568466,507,2026-08-18
1137,PriorityQueue_Enqueue,10000,371333,507,2026-08-18
1138,PriorityQueue_Dequeue,10000,3563666,507,2026-08-18
1139,PriorityQueue_Enqueue,20000,1122133,1015,2026-08-18
1140,PriorityQueue_Dequeue,20000,9782633,1015,2026-08-18
1141,BFS_Traversal,117,186000,508,2026-08-18
1142,DFS_Traversal,117,249600,508,2026-08-18
1143,Dijkstra_SingleSource,117,165466,508,2026-08-18
1144,Prim_MST,117,546566,508,2026-08-18
1145,Kruskal_MST,117,212866,508,2026-08-18
1146,BFS_Connected,58,217466,508,2026-08-18
1147,DFS_CycleDetect,58,87733,508,2026-08-18
1148,MergeSort,100,42833,508,2026-08-18
1149,QuickSort,100,50233,508,2026-08-18
1150,InsertionSort,100,33733,508,2026-08-18
1151,SelectionSort,100,56633,508,2026-08-18
1152,MergeSort,500,146500,514,2026-08-18
1153,QuickSort,500,84233,509,2026-08-18
1154,InsertionSort,500,90500,509,2026-08-18
1155,SelectionSort,500,221866,509,2026-08-18
1156,MergeSort,1000,223400,511,2026-08-18
1157,QuickSort,1000,116266,511,2026-08-18
1158,InsertionSort,1000,248000,511,2026-08-18
1159,SelectionSort,1000,1076633,511,2026-08-18
1160,MergeSort,5000,1170133,527,2026-08-18
1161,QuickSort,5000,665900,527,2026-08-18
1162,InsertionSort,5000,8031033,527,2026-08-18
1163,SelectionSort,5000,18886966,527,2026-08-18
1164,MergeSort,10000,2610000,1055,2026-08-18
1165,QuickSort,10000,1883833,546,2026-08-18
1166,InsertionSort,10000,24206400,546,2026-08-18
1167,SelectionSort,10000,91229100,546,2026-08-18
1168,LinearSearch,100,12666,0,2026-08-18
1169,BinarySearch,100,9166,0,2026-08-18
1170,LinearSearch,500,22866,0,2026-08-18
1171,BinarySearch,500,32200,0,2026-08-18
1172,LinearSearch,1000,43933,0,2026-08-18
1173,BinarySearch,1000,18466,0,2026-08-18
1174,LinearSearch,5000,17200,0,2026-08-18
1175,BinarySearch,5000,12400,0,2026-08-18
1176,LinearSearch,10000,25900,0,2026-08-18
1177,BinarySearch,10000,15266,0,2026-08-18
1178,HashTable_Insert,100,34733,507,2026-08-18
1179,HashTable_Search,100,15466,0,2026-08-18
1180,HashTable_Insert,500,50566,507,2026-08-18
1181,HashTable_Search,500,23233,0,2026-08-18
1182,HashTable_Insert,1000,87966,507,2026-08-18
1183,HashTable_Search,1000,28633,0,2026-08-18
1184,HashTable_Insert,5000,536100,507,2026-08-18
1185,HashTable_Search,5000,97400,0,2026-08-18
1186,HashTable_Insert,10000,1360733,1093,2026-08-18
1187,HashTable_Search,10000,209000,0,2026-08-18
1188,HashTable_Insert,20000,1970666,1800,2026-08-18
1189,HashTable_Search,20000,622933,0,2026-08-18
1190,BST_Insert,100,41000,495,2026-08-18
1191,RedBlackTree_Insert,100,59466,507,2026-08-18
1192,BST_Search,100,28033,0,2026-08-18
1193,RedBlackTree_Search,100,21133,0,2026-08-18
1194,BST_Insert,500,90833,507,2026-08-18
1195,RedBlackTree_Insert,500,103333,507,2026-08-18
1196,BST_Search,500,89633,0,2026-08-18
1197,RedBlackTree_Search,500,64400,0,2026-08-18
1198,BST_Insert,1000,188566,507,2026-08-18
1199,RedBlackTree_Insert,1000,177233,507,2026-08-18
1200,BST_Search,1000,253500,0,2026-08-18
1201,RedBlackTree_Search,1000,111433,0,2026-08-18
1202,BST_Insert,5000,1224500,507,2026-08-18
1203,RedBlackTree_Insert,5000,1295866,507,2026-08-18
1204,BST_Search,5000,1334866,0,2026-08-18
1205,RedBlackTree_Search,5000,838033,0,2026-08-18
1206,BST_Insert,10000,4086433,512,2026-08-18
1207,RedBlackTree_Insert,10000,2802666,507,2026-08-18
1208,BST_Search,10000,3033333,0,2026-08-18
1209,RedBlackTree_Search,10000,1911300,0,2026-08-18
1210,PriorityQueue_Enqueue,100,32133,495,2026-08-18
1211,PriorityQueue_Dequeue,100,48133,507,2026-08-18
1212,PriorityQueue_Enqueue,500,61433,507,2026-08-18
1213,PriorityQueue_Dequeue,500,118166,507,2026-08-18
1214,PriorityQueue_Enqueue,1000,81900,507,2026-08-18
1215,PriorityQueue_Dequeue,1000,254833,507,2026-08-18
1216,PriorityQueue_Enqueue,5000,215766,507,2026-08-18
1217,PriorityQueue_Dequeue,5000,1467700,507,2026-08-18
1218,PriorityQueue_Enqueue,10000,554800,507,2026-08-18
1219,PriorityQueue_Dequeue,10000,4450966,507,2026-08-18
1220,PriorityQueue_Enqueue,20000,1023600,1015,2026-08-18
1221,PriorityQueue_Dequeue,20000,9235966,1015,2026-08-18
1222,BFS_Traversal,117,205133,508,2026-08-18
1223,DFS_Traversal,117,297833,508,2026-08-18
1224,Dijkstra_SingleSource,117,105433,508,2026-08-18
1225,Prim_MST,117,242166,508,2026-08-18
1226,Kruskal_MST,117,230000,508,2026-08-18
1227,BFS_Connected,58,173600,508,2026-08-18
1228,DFS_CycleDetect,58,62266,508,2026-08-18
1229,MergeSort,100,70933,508,2026-08-18
1230,QuickSort,100,30466,484,2026-08-18
1231,InsertionSort,100,39600,471,2026-08-18
1232,SelectionSort,100,34133,471,2026-08-18
1233,MergeSort,500,91900,473,2026-08-18
1234,QuickSort,500,48833,473,2026-08-18
1235,InsertionSort,500,69733,473,2026-08-18
1236,SelectionSort,500,174600,473,2026-08-18
1237,MergeSort,1000,243133,475,2026-08-18
1238,QuickSort,1000,116500,475,2026-08-18
1239,InsertionSort,1000,174266,475,2026-08-18
1240,SelectionSort,1000,626066,475,2026-08-18
1241,MergeSort,5000,1104533,491,2026-08-18
1242,QuickSort,5000,542633,491,2026-08-18
1243,InsertionSort,5000,4593400,491,2026-08-18
1244,SelectionSort,5000,14690466,491,2026-08-18
1245,MergeSort,10000,1950766,982,2026-08-18
1246,QuickSort,10000,1030833,510,2026-08-18
1247,InsertionSort,10000,22732800,510,2026-08-18
1248,SelectionSort,10000,88519066,510,2026-08-18
1249,LinearSearch,100,14466,0,2026-08-18
1250,BinarySearch,100,10033,0,2026-08-18
1251,LinearSearch,500,10333,0,2026-08-18
1252,BinarySearch,500,31966,0,2026-08-18
1253,LinearSearch,1000,16800,0,2026-08-18
1254,BinarySearch,1000,9533,4,2026-08-18
1255,LinearSearch,5000,14533,0,2026-08-18
1256,BinarySearch,5000,12700,0,2026-08-18
1257,LinearSearch,10000,26433,0,2026-08-18
1258,BinarySearch,10000,37466,0,2026-08-18
1259,HashTable_Insert,100,45733,507,2026-08-18
1260,HashTable_Search,100,16266,0,2026-08-18
1261,HashTable_Insert,500,97800,507,2026-08-18
1262,HashTable_Search,500,22166,0,2026-08-18
1263,HashTable_Insert,1000,113066,507,2026-08-18
1264,HashTable_Search,1000,507733,507,2026-08-18
1265,HashTable_Insert,5000,320200,507,2026-08-18
1266,HashTable_Search,5000,175700,338,2026-08-18
1267,HashTable_Insert,10000,492866,1093,2026-08-18
1268,HashTable_Search,10000,129300,0,2026-08-18
1269,HashTable_Insert,20000,720933,1800,2026-08-18
1270,HashTable_Search,20000,541733,0,2026-08-18
1271,BST_Insert,100,32233,495,2026-08-18
1272,RedBlackTree_Insert,100,37333,507,2026-08-18
1273,BST_Search,100,15633,0,2026-08-18
1274,RedBlackTree_Search,100,10800,0,2026-08-18
1275,BST_Insert,500,73366,507,2026-08-18
1276,RedBlackTree_Insert,500,95700,507,2026-08-18
1277,BST_Search,500,58800,0,2026-08-18
1278,RedBlackTree_Search,500,43533,0,2026-08-18
1279,BST_Insert,1000,171300,507,2026-08-18
1280,RedBlackTree_Insert,1000,125566,507,2026-08-18
1281,BST_Search,1000,118900,0,2026-08-18
1282,RedBlackTree_Search,1000,79900,0,2026-08-18
1283,BST_Insert,5000,904533,507,2026-08-18
1284,RedBlackTree_Insert,5000,823100,507,2026-08-18
1285,BST_Search,5000,886666,0,2026-08-18
1286,RedBlackTree_Search,5000,548166,0,2026-08-18
1287,BST_Insert,10000,1940333,507,2026-08-18
1288,RedBlackTree_Insert,10000,3466200,507,2026-08-18
1289,BST_Search,10000,3093133,0,2026-08-18
1290,RedBlackTree_Search,10000,2676300,0,2026-08-18
1291,PriorityQueue_Enqueue,100,32666,495,2026-08-18
1292,PriorityQueue_Dequeue,100,39266,507,2026-08-18
1293,PriorityQueue_Enqueue,500,66900,507,2026-08-18
1294,PriorityQueue_Dequeue,500,145333,507,2026-08-18
1295,PriorityQueue_Enqueue,1000,82300,507,2026-08-18
1296,PriorityQueue_Dequeue,1000,211566,507,2026-08-18
1297,PriorityQueue_Enqueue,5000,170233,507,2026-08-18
1298,PriorityQueue_Dequeue,5000,1227900,507,2026-08-18
1299,PriorityQueue_Enqueue,10000,493100,507,2026-08-18
1300,PriorityQueue_Dequeue,10000,2804733,507,2026-08-18
1301,PriorityQueue_Enqueue,20000,717933,1015,2026-08-18
1302,PriorityQueue_Dequeue,20000,6806233,1015,2026-08-18
1303,BFS_Traversal,117,158166,508,2026-08-18
1304,DFS_Traversal,117,241766,508,2026-08-18
1305,Dijkstra_SingleSource,117,76533,508,2026-08-18
1306,Prim_MST,117,154833,508,2026-08-18
1307,Kruskal_MST,117,149800,508,2026-08-18
1308,BFS_Connected,58,161700,508,2026-08-18
1309,DFS_CycleDetect,58,62433,508,2026-08-18
1310,MergeSort,100,72766,508,2026-08-18
1311,QuickSort,100,138833,508,2026-08-18
1312,InsertionSort,100,29033,508,2026-08-18
1313,SelectionSort,100,144133,508,2026-08-18
1314,MergeSort,500,93733,509,2026-08-18
1315,QuickSort,500,61833,509,2026-08-18
1316,InsertionSort,500,64366,509,2026-08-18
1317,SelectionSort,500,146800,509,2026-08-18
1318,MergeSort,1000,229000,511,2026-08-18
1319,QuickSort,1000,134933,511,2026-08-18
1320,InsertionSort,1000,168400,511,2026-08-18
1321,SelectionSort,1000,2400333,511,2026-08-18
1322,MergeSort,5000,798533,527,2026-08-18
1323,QuickSort,5000,424266,527,2026-08-18
1324,InsertionSort,5000,10851800,527,2026-08-18
1325,SelectionSort,5000,20006766,527,2026-08-18
1326,MergeSort,10000,1560200,1055,2026-08-18
1327,QuickSort,10000,1101066,546,2026-08-18
1328,InsertionSort,10000,25384366,546,2026-08-18
1329,SelectionSort,10000,91265766,546,2026-08-18
1330,LinearSearch,100,10933,0,2026-08-18
1331,BinarySearch,100,10066,0,2026-08-18
1332,LinearSearch,500,14233,0,2026-08-18
1333,BinarySearch,500,23900,0,2026-08-18
1334,LinearSearch,1000,25433,0,2026-08-18
1335,BinarySearch,1000,20600,0,2026-08-18
1336,LinearSearch,5000,17333,0,2026-08-18
1337,BinarySearch,5000,15000,0,2026-08-18
1338,LinearSearch,10000,18733,0,2026-08-18
1339,BinarySearch,10000,16200,0,2026-08-18
1340,HashTable_Insert,100,33666,507,2026-08-18
1341,HashTable_Search,100,11133,0,2026-08-18
1342,HashTable_Insert,500,69666,507,2026-08-18
1343,HashTable_Search,500,19000,0,2026-08-18
1344,HashTable_Insert,1000,92966,507,2026-08-18
1345,HashTable_Search,1000,33733,0,2026-08-18
1346,HashTable_Insert,5000,265166,507,2026-08-18
1347,HashTable_Search,5000,122166,0,2026-08-18
1348,HashTable_Insert,10000,676500,1093,2026-08-18
1349,HashTable_Search,10000,448866,0,2026-08-18
1350,HashTable_Insert,20000,1476033,1800,2026-08-18
1351,HashTable_Search,20000,470133,0,2026-08-18
1352,BST_Insert,100,49000,495,2026-08-18
1353,RedBlackTree_Insert,100,55566,507,2026-08-18
1354,BST_Search,100,23933,0,2026-08-18
1355,RedBlackTree_Search,100,25466,0,2026-08-18
1356,BST_Insert,500,266566,507,2026-08-18
1357,RedBlackTree_Insert,500,115200,507,2026-08-18
1358,BST_Search,500,82233,0,2026-08-18
1359,RedBlackTree_Search,500,54266,0,2026-08-18
1360,BST_Insert,1000,189200,507,2026-08-18
1361,RedBlackTree_Insert,1000,205666,507,2026-08-18
1362,BST_Search,1000,185600,0,2026-08-18
1363,RedBlackTree_Search,1000,120366,0,2026-08-18
1364,BST_Insert,5000,1370333,507,2026-08-18
1365,RedBlackTree_Insert,5000,1252466,507,2026-08-18
1366,BST_Search,5000,1452033,0,2026-08-18
1367,RedBlackTree_Search,5000,715333,0,2026-08-18
1368,BST_Insert,10000,3666633,507,2026-08-18
1369,RedBlackTree_Insert,10000,3111533,507,2026-08-18
1370,BST_Search,10000,3412433,0,2026-08-18
1371,RedBlackTree_Search,10000,2701533,0,2026-08-18
1372,PriorityQueue_Enqueue,100,33166,495,2026-08-18
1373,PriorityQueue_Dequeue,100,47400,507,2026-08-18
1374,PriorityQueue_Enqueue,500,56233,507,2026-08-18
1375,PriorityQueue_Dequeue,500,134666,507,2026-08-18
1376,PriorityQueue_Enqueue,1000,78233,507,2026-08-18
1377,PriorityQueue_Dequeue,1000,301300,507,2026-08-18
1378,PriorityQueue_Enqueue,5000,277133,507,2026-08-18
1379,PriorityQueue_Dequeue,5000,1925200,507,2026-08-18
1380,PriorityQueue_Enqueue,10000,537500,507,2026-08-18
1381,PriorityQueue_Dequeue,10000,4909333,507,2026-08-18
1382,PriorityQueue_Enqueue,20000,980600,1015,2026-08-18
1383,PriorityQueue_Dequeue,20000,11553633,1015,2026-08-18
1384,BFS_Traversal,117,257900,508,2026-08-18
1385,DFS_Traversal,117,285400,508,2026-08-18
1386,Dijkstra_SingleSource,117,128333,508,2026-08-18
1387,Prim_MST,117,394566,508,2026-08-18
1388,Kruskal_MST,117,201300,508,2026-08-18
1389,BFS_Connected,58,210133,508,2026-08-18
1390,DFS_CycleDetect,58,96000,508,2026-08-18
1391,MergeSort,100,55033,484,2026-08-18
1392,QuickSort,100,51333,471,2026-08-18
1393,InsertionSort,100,34000,471,2026-08-18
1394,SelectionSort,100,47466,471,2026-08-18
1395,MergeSort,500,186866,473,2026-08-18
1396,QuickSort,500,92000,473,2026-08-18
1397,InsertionSort,500,76533,473,2026-08-18
1398,SelectionSort,500,242600,473,2026-08-18
1399,MergeSort,1000,316500,475,2026-08-18
1400,QuickSort,1000,111566,475,2026-08-18
1401,InsertionSort,1000,298133,475,2026-08-18
1402,SelectionSort,1000,1029266,475,2026-08-18
1403,MergeSort,5000,845066,491,2026-08-18
1404,QuickSort,5000,464266,491,2026-08-18
1405,InsertionSort,5000,5367433,491,2026-08-18
1406,SelectionSort,5000,29206933,491,2026-08-18
1407,MergeSort,10000,1943033,982,2026-08-18
1408,QuickSort,10000,1459000,514,2026-08-18
1409,InsertionSort,10000,20808700,510,2026-08-18
1410,SelectionSort,10000,75424333,510,2026-08-18
1411,LinearSearch,100,9700,0,2026-08-18
1412,BinarySearch,100,10766,0,2026-08-18
1413,LinearSearch,500,15666,0,2026-08-18
1414,BinarySearch,500,21900,0,2026-08-18
1415,LinearSearch,1000,11700,0,2026-08-18
1416,BinarySearch,1000,11900,0,2026-08-18
1417,LinearSearch,5000,12833,0,2026-08-18
1418,BinarySearch,5000,13633,0,2026-08-18
1419,LinearSearch,10000,40866,0,2026-08-18
1420,BinarySearch,10000,12100,0,2026-08-18
1421,HashTable_Insert,100,69500,471,2026-08-18
1422,HashTable_Search,100,17500,0,2026-08-18
1423,HashTable_Insert,500,92533,471,2026-08-18
1424,HashTable_Search,500,13700,0,2026-08-18
1425,HashTable_Insert,1000,74266,471,2026-08-18
1426,HashTable_Search,1000,21900,0,2026-08-18
1427,HashTable_Insert,5000,343966,471,2026-08-18
1428,HashTable_Search,5000,140966,0,2026-08-18
1429,HashTable_Insert,10000,876533,1021,2026-08-18
1430,HashTable_Search,10000,364033,0,2026-08-18
1431,HashTable_Insert,20000,2800800,2042,2026-08-18
1432,HashTable_Search,20000,718266,0,2026-08-18
1433,BST_Insert,100,246133,471,2026-08-18
1434,RedBlackTree_Insert,100,240433,471,2026-08-18
1435,BST_Search,100,1153266,0,2026-08-18
1436,RedBlackTree_Search,100,120533,0,2026-08-18
1437,BST_Insert,500,245600,471,2026-08-18
1438,RedBlackTree_Insert,500,739600,471,2026-08-18
1439,BST_Search,500,180766,0,2026-08-18
1440,RedBlackTree_Search,500,566033,0,2026-08-18
1441,BST_Insert,1000,308833,471,2026-08-18
1442,RedBlackTree_Insert,1000,503733,471,2026-08-18
1443,BST_Search,1000,249366,0,2026-08-18
1444,RedBlackTree_Search,1000,373600,0,2026-08-18
1445,BST_Insert,5000,1167900,471,2026-08-18
1446,RedBlackTree_Insert,5000,1159766,471,2026-08-18
1447,BST_Search,5000,1499133,0,2026-08-18
1448,RedBlackTree_Search,5000,1530000,0,2026-08-18
1449,BST_Insert,10000,3285800,471,2026-08-18
1450,RedBlackTree_Insert,10000,3813066,471,2026-08-18
1451,BST_Search,10000,7093233,0,2026-08-18
1452,RedBlackTree_Search,10000,4256166,0,2026-08-18
1453,PriorityQueue_Enqueue,100,225666,471,2026-08-18
1454,PriorityQueue_Dequeue,100,1308466,471,2026-08-18
1455,PriorityQueue_Enqueue,500,380233,471,2026-08-18
1456,PriorityQueue_Dequeue,500,1889500,471,2026-08-18
1457,PriorityQueue_Enqueue,1000,1131166,471,2026-08-18
1458,PriorityQueue_Dequeue,1000,5015133,475,2026-08-18
1459,PriorityQueue_Enqueue,5000,1367500,471,2026-08-18
1460,PriorityQueue_Dequeue,5000,12704233,471,2026-08-18
1461,PriorityQueue_Enqueue,10000,902200,471,2026-08-18
1462,PriorityQueue_Dequeue,10000,9380733,471,2026-08-18
1463,PriorityQueue_Enqueue,20000,1006200,943,2026-08-18
1464,PriorityQueue_Dequeue,20000,13961766,943,2026-08-18
1465,BFS_Traversal,117,523466,471,2026-08-18
1466,DFS_Traversal,117,2973233,471,2026-08-18
1467,Dijkstra_SingleSource,117,1543566,472,2026-08-18
1468,Prim_MST,117,652833,471,2026-08-18
1469,Kruskal_MST,117,897900,472,2026-08-18
1470,BFS_Connected,58,425366,471,2026-08-18
1471,DFS_CycleDetect,58,1028666,471,2026-08-18
1472,MergeSort,100,112500,542,2026-08-18
1473,QuickSort,100,111933,542,2026-08-18
1474,InsertionSort,100,99600,532,2026-08-18
1475,SelectionSort,100,177733,529,2026-08-18
1476,MergeSort,500,97100,531,2026-08-18
1477,QuickSort,500,70033,531,2026-08-18
1478,InsertionSort,500,251266,531,2026-08-18
1479,SelectionSort,500,287766,531,2026-08-18
1480,MergeSort,1000,223866,533,2026-08-18
1481,QuickSort,1000,145266,533,2026-08-18
1482,InsertionSort,1000,676633,533,2026-08-18
1483,SelectionSort,1000,726400,533,2026-08-18
1484,MergeSort,5000,851366,548,2026-08-18
1485,QuickSort,5000,698466,548,2026-08-18
1486,InsertionSort,5000,6496833,548,2026-08-18
1487,SelectionSort,5000,18597000,548,2026-08-18
1488,MergeSort,10000,2519933,1097,2026-08-18
1489,QuickSort,10000,1902966,568,2026-08-18
1490,InsertionSort,10000,23450800,568,2026-08-18
1491,SelectionSort,10000,57132766,568,2026-08-18
1492,LinearSearch,100,20033,0,2026-08-18
1493,BinarySearch,100,67766,0,2026-08-18
1494,LinearSearch,500,10333,0,2026-08-18
1495,BinarySearch,500,21333,0,2026-08-18
1496,LinearSearch,1000,13233,0,2026-08-18
1497,BinarySearch,1000,18100,0,2026-08-18
1498,LinearSearch,5000,281466,0,2026-08-18
1499,BinarySearch,5000,17400,0,2026-08-18
1500,LinearSearch,10000,133533,0,2026-08-18
1501,BinarySearch,10000,39766,0,2026-08-18
1502,HashTable_Insert,100,366400,529,2026-08-18
1503,HashTable_Search,100,154166,0,2026-08-18
1504,HashTable_Insert,500,266333,529,2026-08-18
1505,HashTable_Search,500,95766,529,2026-08-18
1506,HashTable_Insert,1000,244633,529,2026-08-18
1507,HashTable_Search,1000,152733,352,2026-08-18
1508,HashTable_Insert,5000,431733,529,2026-08-18
1509,HashTable_Search,5000,75433,0,2026-08-18
1510,HashTable_Insert,10000,539033,1058,2026-08-18
1511,HashTable_Search,10000,186866,0,2026-08-18
1512,HashTable_Insert,20000,2608933,1587,2026-08-18
1513,HashTable_Search,20000,277233,0,2026-08-18
1514,BST_Insert,100,181600,516,2026-08-18
1515,RedBlackTree_Insert,100,282966,529,2026-08-18
1516,BST_Search,100,262766,0,2026-08-18
1517,RedBlackTree_Search,100,92566,0,2026-08-18
1518,BST_Insert,500,178366,529,2026-08-18
1519,RedBlackTree_Insert,500,831066,529,2026-08-18
1520,BST_Search,500,202800,0,2026-08-18
1521,RedBlackTree_Search,500,339066,0,2026-08-18
1522,BST_Insert,1000,333400,529,2026-08-18
1523,RedBlackTree_Insert,1000,310566,529,2026-08-18
1524,BST_Search,1000,297366,0,2026-08-18
1525,RedBlackTree_Search,1000,441533,0,2026-08-18
1526,BST_Insert,5000,1596700,529,2026-08-18
1527,RedBlackTree_Insert,5000,1690233,529,2026-08-18
1528,BST_Search,5000,2443633,0,2026-08-18
1529,RedBlackTree_Search,5000,1553233,0,2026-08-18
1530,BST_Insert,10000,7090333,531,2026-08-18
1531,RedBlackTree_Insert,10000,3781400,529,2026-08-18
1532,BST_Search,10000,4972333,0,2026-08-18
1533,RedBlackTree_Search,10000,4794200,0,2026-08-18
1534,PriorityQueue_Enqueue,100,224266,529,2026-08-18
1535,PriorityQueue_Dequeue,100,417166,529,2026-08-18
1536,PriorityQueue_Enqueue,500,1043933,529,2026-08-18
1537,PriorityQueue_Dequeue,500,1889500,529,2026-08-18
1538,PriorityQueue_Enqueue,1000,1137600,529,2026-08-18
1539,PriorityQueue_Dequeue,1000,2482933,529,2026-08-18
1540,PriorityQueue_Enqueue,5000,2781900,529,2026-08-18
1541,PriorityQueue_Dequeue,5000,23593833,529,2026-08-18
1542,PriorityQueue_Enqueue,10000,1444600,529,2026-08-18
1543,PriorityQueue_Dequeue,10000,15787866,529,2026-08-18
1544,PriorityQueue_Enqueue,20000,1397733,1058,2026-08-18
1545,PriorityQueue_Dequeue,20000,9606733,1058,2026-08-18
1546,BFS_Traversal,117,892100,529,2026-08-18
1547,DFS_Traversal,117,1068033,529,2026-08-18
1548,Dijkstra_SingleSource,117,492300,529,2026-08-18
1549,Prim_MST,117,375900,529,2026-08-18
1550,Kruskal_MST,117,879500,530,2026-08-18
1551,BFS_Connected,58,527433,529,2026-08-18
1552,DFS_CycleDetect,58,122833,529,2026-08-18
1553,MergeSort,100,343566,554,2026-08-18
1554,QuickSort,100,163566,567,2026-08-18
1555,InsertionSort,100,30166,567,2026-08-18
1556,SelectionSort,100,101233,567,2026-08-18
1557,MergeSort,500,145400,568,2026-08-18
1558,QuickSort,500,79700,568,2026-08-18
1559,InsertionSort,500,78133,568,2026-08-18
1560,SelectionSort,500,242833,568,2026-08-18
1561,MergeSort,1000,235900,570,2026-08-18
1562,QuickSort,1000,197700,570,2026-08-18
1563,InsertionSort,1000,241900,570,2026-08-18
1564,SelectionSort,1000,945266,570,2026-08-18
1565,MergeSort,5000,1655533,586,2026-08-18
1566,QuickSort,5000,747666,586,2026-08-18
1567,InsertionSort,5000,7567800,586,2026-08-18
1568,SelectionSort,5000,16298366,586,2026-08-18
1569,MergeSort,10000,2282433,1173,2026-08-18
1570,QuickSort,10000,1558233,605,2026-08-18
1571,InsertionSort,10000,21873733,605,2026-08-18
1572,SelectionSort,10000,69711966,605,2026-08-18
1573,LinearSearch,100,16300,0,2026-08-18
1574,BinarySearch,100,74166,0,2026-08-18
1575,LinearSearch,500,11166,0,2026-08-18
1576,BinarySearch,500,8800,0,2026-08-18
1577,LinearSearch,1000,10966,0,2026-08-18
1578,BinarySearch,1000,9866,0,2026-08-18
1579,LinearSearch,5000,10933,0,2026-08-18
1580,BinarySearch,5000,11866,0,2026-08-18
1581,LinearSearch,10000,15033,0,2026-08-18
1582,BinarySearch,10000,9333,0,2026-08-18
1583,HashTable_Insert,100,38400,566,2026-08-18
1584,HashTable_Search,100,14133,0,2026-08-18
1585,HashTable_Insert,500,118133,566,2026-08-18
1586,HashTable_Search,500,18866,0,2026-08-18
1587,HashTable_Insert,1000,71533,566,2026-08-18
1588,HashTable_Search,1000,22900,0,2026-08-18
1589,HashTable_Insert,5000,1219566,566,2026-08-18
1590,HashTable_Search,5000,85266,0,2026-08-18
1591,HashTable_Insert,10000,573200,1108,2026-08-18
1592,HashTable_Search,10000,136766,0,2026-08-18
1593,HashTable_Insert,20000,1382466,1663,2026-08-18
1594,HashTable_Search,20000,343000,0,2026-08-18
1595,BST_Insert,100,47500,554,2026-08-18
1596,RedBlackTree_Insert,100,60166,566,2026-08-18
1597,BST_Search,100,18900,0,2026-08-18
1598,RedBlackTree_Search,100,31800,0,2026-08-18
1599,BST_Insert,500,137633,566,2026-08-18
1600,RedBlackTree_Insert,500,136066,566,2026-08-18
1601,BST_Search,500,84066,0,2026-08-18
1602,RedBlackTree_Search,500,62066,0,2026-08-18
1603,BST_Insert,1000,232466,566,2026-08-18
1604,RedBlackTree_Insert,1000,340466,566,2026-08-18
1605,BST_Search,1000,248366,0,2026-08-18
1606,RedBlackTree_Search,1000,137233,0,2026-08-18
1607,BST_Insert,5000,1378333,566,2026-08-18
1608,RedBlackTree_Insert,5000,1224566,566,2026-08-18
1609,BST_Search,5000,1680866,0,2026-08-18
1610,RedBlackTree_Search,5000,1139866,0,2026-08-18
1611,BST_Insert,10000,4198066,554,2026-08-18
1612,RedBlackTree_Insert,10000,3381000,566,2026-08-18
1613,BST_Search,10000,4675566,0,2026-08-18
1614,RedBlackTree_Search,10000,2809300,0,2026-08-18
1615,PriorityQueue_Enqueue,100,32533,554,2026-08-18
1616,PriorityQueue_Dequeue,100,55533,566,2026-08-18
1617,PriorityQueue_Enqueue,500,59000,566,2026-08-18
1618,PriorityQueue_Dequeue,500,143466,566,2026-08-18
1619,PriorityQueue_Enqueue,1000,85233,566,2026-08-18
1620,PriorityQueue_Dequeue,1000,255466,566,2026-08-18
1621,PriorityQueue_Enqueue,5000,294000,566,2026-08-18
1622,PriorityQueue_Dequeue,5000,2185600,566,2026-08-18
1623,PriorityQueue_Enqueue,10000,606466,566,2026-08-18
1624,PriorityQueue_Dequeue,10000,4762466,566,2026-08-18
1625,PriorityQueue_Enqueue,20000,1308566,566,2026-08-18
1626,PriorityQueue_Dequeue,20000,16097733,894,2026-08-18
1627,BFS_Traversal,117,119566,554,2026-08-18
1628,DFS_Traversal,117,755433,567,2026-08-18
1629,Dijkstra_SingleSource,117,460233,567,2026-08-18
1630,Prim_MST,117,251666,567,2026-08-18
1631,Kruskal_MST,117,351033,567,2026-08-18
1632,BFS_Connected,58,168200,567,2026-08-18
1633,DFS_CycleDetect,58,278533,567,2026-08-18
1634,MergeSort,100,485566,284,2026-08-18
1635,QuickSort,100,106433,133,2026-08-18
1636,InsertionSort,100,398333,133,2026-08-18
1637,SelectionSort,100,62566,114,2026-08-18
1638,MergeSort,500,144500,116,2026-08-18
1639,QuickSort,500,78866,116,2026-08-18
1640,InsertionSort,500,617433,116,2026-08-18
1641,SelectionSort,500,306266,116,2026-08-18
1642,MergeSort,1000,332100,117,2026-08-18
1643,QuickSort,1000,302300,117,2026-08-18
1644,InsertionSort,1000,1225466,117,2026-08-18
1645,SelectionSort,1000,1064533,117,2026-08-18
1646,MergeSort,5000,2336866,481,2026-08-18
1647,QuickSort,5000,612700,133,2026-08-18
1648,InsertionSort,5000,13921100,133,2026-08-18
1649,SelectionSort,5000,32528300,133,2026-08-18
1650,MergeSort,10000,2273400,992,2026-08-18
1651,QuickSort,10000,1539900,153,2026-08-18
1652,InsertionSort,10000,26520800,153,2026-08-18
1653,SelectionSort,10000,102062800,153,2026-08-18
1654,LinearSearch,100,28133,0,2026-08-18
1655,BinarySearch,100,26266,0,2026-08-18
1656,LinearSearch,500,33066,0,2026-08-18
1657,BinarySearch,500,13033,0,2026-08-18
1658,LinearSearch,1000,30266,0,2026-08-18
1659,BinarySearch,1000,11400,0,2026-08-18
1660,LinearSearch,5000,191033,0,2026-08-18
1661,BinarySearch,5000,9700,0,2026-08-18
1662,LinearSearch,10000,212766,0,2026-08-18
1663,BinarySearch,10000,16366,0,2026-08-18
1664,HashTable_Insert,100,239633,132,2026-08-18
1665,HashTable_Search,100,169766,18,2026-08-18
1666,HashTable_Insert,500,438333,114,2026-08-18
1667,HashTable_Search,500,172133,114,2026-08-18
1668,HashTable_Insert,1000,986033,114,2026-08-18
1669,HashTable_Search,1000,174800,114,2026-08-18
1670,HashTable_Insert,5000,5851700,495,2026-08-18
1671,HashTable_Search,5000,1686733,114,2026-08-18
1672,HashTable_Insert,10000,2864900,876,2026-08-18
1673,HashTable_Search,10000,1053633,228,2026-08-18
1674,HashTable_Insert,20000,5787033,1603,2026-08-18
1675,HashTable_Search,20000,1403400,342,2026-08-18
1676,BST_Insert,100,1733833,132,2026-08-18
1677,RedBlackTree_Insert,100,1021533,132,2026-08-18
1678,BST_Search,100,244600,18,2026-08-18
1679,RedBlackTree_Search,100,80600,18,2026-08-18
1680,BST_Insert,500,259666,114,2026-08-18
1681,RedBlackTree_Insert,500,367600,114,2026-08-18
1682,BST_Search,500,168266,0,2026-08-18
1683,RedBlackTree_Search,500,245300,0,2026-08-18
1684,BST_Insert,1000,722466,114,2026-08-18
1685,RedBlackTree_Insert,1000,749866,114,2026-08-18
1686,BST_Search,1000,290400,0,2026-08-18
1687,RedBlackTree_Search,1000,473333,0,2026-08-18
1688,BST_Insert,5000,3668433,228,2026-08-18
1689,RedBlackTree_Insert,5000,2345433,228,2026-08-18
1690,BST_Search,5000,2015133,0,2026-08-18
1691,RedBlackTree_Search,5000,1660633,0,2026-08-18
1692,BST_Insert,10000,8483333,342,2026-08-18
1693,RedBlackTree_Insert,10000,8964233,456,2026-08-18
1694,BST_Search,10000,9752900,0,2026-08-18
1695,RedBlackTree_Search,10000,3722633,0,2026-08-18
1696,PriorityQueue_Enqueue,100,1528700,132,2026-08-18
1697,PriorityQueue_Dequeue,100,328066,132,2026-08-18
1698,PriorityQueue_Enqueue,500,233133,114,2026-08-18
1699,PriorityQueue_Dequeue,500,426933,114,2026-08-18
1700,PriorityQueue_Enqueue,1000,408466,114,2026-08-18
1701,PriorityQueue_Dequeue,1000,391533,114,2026-08-18
1702,PriorityQueue_Enqueue,5000,548800,228,2026-08-18
1703,PriorityQueue_Dequeue,5000,9158266,228,2026-08-18
1704,PriorityQueue_Enqueue,10000,1886100,342,2026-08-18
1705,PriorityQueue_Dequeue,10000,6268133,342,2026-08-18
1706,PriorityQueue_Enqueue,20000,2461900,570,2026-08-18
1707,PriorityQueue_Dequeue,20000,39723100,570,2026-08-18
1708,BFS_Traversal,117,3310033,132,2026-08-18
1709,DFS_Traversal,117,1825300,151,2026-08-18
1710,Dijkstra_SingleSource,117,3823900,133,2026-08-18
1711,Prim_MST,117,2059600,132,2026-08-18
1712,Kruskal_MST,117,3130300,133,2026-08-18
1713,BFS_Connected,58,261100,133,2026-08-18
1714,DFS_CycleDetect,58,240300,114,2026-08-18
1715,MergeSort,100,63466,207,2026-08-18
1716,QuickSort,100,55333,207,2026-08-18
1717,InsertionSort,100,42766,207,2026-08-18
1718,SelectionSort,100,51100,207,2026-08-18
1719,MergeSort,500,127433,209,2026-08-18
1720,QuickSort,500,102333,209,2026-08-18
1721,InsertionSort,500,106133,209,2026-08-18
1722,SelectionSort,500,242100,209,2026-08-18
1723,MergeSort,1000,151233,211,2026-08-18
1724,QuickSort,1000,131166,211,2026-08-18
1725,InsertionSort,1000,220833,211,2026-08-18
1726,SelectionSort,1000,925800,211,2026-08-18
1727,MergeSort,5000,1464366,644,2026-08-18
1728,QuickSort,5000,656300,226,2026-08-18
1729,InsertionSort,5000,8578900,226,2026-08-18
1730,SelectionSort,5000,15895433,226,2026-08-18
1731,MergeSort,10000,3344566,1075,2026-08-18
1732,QuickSort,10000,1601833,246,2026-08-18
1733,InsertionSort,10000,24466433,246,2026-08-18
1734,SelectionSort,10000,118455000,246,2026-08-18
1735,LinearSearch,100,15066,0,2026-08-18
1736,BinarySearch,100,8666,0,2026-08-18
1737,LinearSearch,500,81200,0,2026-08-18
1738,BinarySearch,500,24833,0,2026-08-18
1739,LinearSearch,1000,92233,0,2026-08-18
1740,BinarySearch,1000,22466,0,2026-08-18
1741,LinearSearch,5000,105633,0,2026-08-18
1742,BinarySearch,5000,10033,0,2026-08-18
1743,LinearSearch,10000,14966,0,2026-08-18
1744,BinarySearch,10000,13066,0,2026-08-18
1745,HashTable_Insert,100,105366,207,2026-08-18
1746,HashTable_Search,100,17433,0,2026-08-18
1747,HashTable_Insert,500,88700,207,2026-08-18
1748,HashTable_Search,500,130300,207,2026-08-18
1749,HashTable_Insert,1000,140400,207,2026-08-18
1750,HashTable_Search,1000,25466,0,2026-08-18
1751,HashTable_Insert,5000,430066,414,2026-08-18
1752,HashTable_Search,5000,95100,0,2026-08-18
1753,HashTable_Insert,10000,842766,828,2026-08-18
1754,HashTable_Search,10000,121400,0,2026-08-18
1755,HashTable_Insert,20000,1764466,1657,2026-08-18
1756,HashTable_Search,20000,354000,0,2026-08-18
1757,BST_Insert,100,49966,207,2026-08-18
1758,RedBlackTree_Insert,100,55800,207,2026-08-18
1759,BST_Search,100,38166,0,2026-08-18
1760,RedBlackTree_Search,100,29700,0,2026-08-18
1761,BST_Insert,500,147133,207,2026-08-18
1762,RedBlackTree_Insert,500,139900,207,2026-08-18
1763,BST_Search,500,133066,0,2026-08-18
1764,RedBlackTree_Search,500,174433,0,2026-08-18
1765,BST_Insert,1000,267866,207,2026-08-18
1766,RedBlackTree_Insert,1000,270166,207,2026-08-18
1767,BST_Search,1000,271933,0,2026-08-18
1768,RedBlackTree_Search,1000,301233,0,2026-08-18
1769,BST_Insert,5000,2045566,207,2026-08-18
1770,RedBlackTree_Insert,5000,1347866,207,2026-08-18
1771,BST_Search,5000,1278666,0,2026-08-18
1772,RedBlackTree_Search,5000,1835200,0,2026-08-18
1773,BST_Insert,10000,2712800,425,2026-08-18
1774,RedBlackTree_Insert,10000,6470366,414,2026-08-18
1775,BST_Search,10000,4458333,0,2026-08-18
1776,RedBlackTree_Search,10000,4831933,0,2026-08-18
1777,PriorityQueue_Enqueue,100,55533,207,2026-08-18
1778,PriorityQueue_Dequeue,100,105600,207,2026-08-18
1779,PriorityQueue_Enqueue,500,81700,207,2026-08-18
1780,PriorityQueue_Dequeue,500,274466,207,2026-08-18
1781,PriorityQueue_Enqueue,1000,111966,207,2026-08-18
1782,PriorityQueue_Dequeue,1000,218666,207,2026-08-18
1783,PriorityQueue_Enqueue,5000,237866,207,2026-08-18
1784,PriorityQueue_Dequeue,5000,3152766,207,2026-08-18
1785,PriorityQueue_Enqueue,10000,436500,414,2026-08-18
1786,PriorityQueue_Dequeue,10000,7473000,414,2026-08-18
1787,PriorityQueue_Enqueue,20000,1190233,621,2026-08-18
1788,PriorityQueue_Dequeue,20000,12332700,621,2026-08-18
1789,BFS_Traversal,117,199366,219,2026-08-18
1790,DFS_Traversal,117,596266,207,2026-08-18
1791,Dijkstra_SingleSource,117,530666,207,2026-08-18
1792,Prim_MST,117,288966,207,2026-08-18
1793,Kruskal_MST,117,252700,208,2026-08-18
1794,BFS_Connected,58,577133,207,2026-08-18
1795,DFS_CycleDetect,58,149266,207,2026-08-18
1796,MergeSort,100,60500,434,2026-08-18
1797,QuickSort,100,146166,422,2026-08-18
1798,InsertionSort,100,167266,422,2026-08-18
1799,SelectionSort,100,203066,422,2026-08-18
1800,MergeSort,500,126700,424,2026-08-18
1801,QuickSort,500,214733,424,2026-08-18
1802,InsertionSort,500,369200,424,2026-08-18
1803,SelectionSort,500,1112166,424,2026-08-18
1804,MergeSort,1000,194633,426,2026-08-18
1805,QuickSort,1000,298800,426,2026-08-18
1806,InsertionSort,1000,243566,426,2026-08-18
1807,SelectionSort,1000,683500,426,2026-08-18
1808,MergeSort,5000,1134066,868,2026-08-18
1809,QuickSort,5000,652733,441,2026-08-18
1810,InsertionSort,5000,7681266,441,2026-08-18
1811,SelectionSort,5000,18066800,441,2026-08-18
1812,MergeSort,10000,1862300,1305,2026-08-18
1813,QuickSort,10000,1668733,461,2026-08-18
1814,InsertionSort,10000,22446466,461,2026-08-18
1815,SelectionSort,10000,118123133,461,2026-08-18
1816,LinearSearch,100,10700,0,2026-08-18
1817,BinarySearch,100,9700,0,2026-08-18
1818,LinearSearch,500,19033,0,2026-08-18
1819,BinarySearch,500,15500,0,2026-08-18
1820,LinearSearch,1000,55933,0,2026-08-18
1821,BinarySearch,1000,9533,0,2026-08-18
1822,LinearSearch,5000,156766,0,2026-08-18
1823,BinarySearch,5000,8233,0,2026-08-18
1824,LinearSearch,10000,131066,0,2026-08-18
1825,BinarySearch,10000,18900,0,2026-08-18
1826,HashTable_Insert,100,341600,422,2026-08-18
1827,HashTable_Search,100,137033,0,2026-08-18
1828,HashTable_Insert,500,224400,422,2026-08-18
1829,HashTable_Search,500,107533,422,2026-08-18
1830,HashTable_Insert,1000,320933,422,2026-08-18
1831,HashTable_Search,1000,40200,0,2026-08-18
1832,HashTable_Insert,5000,911366,422,2026-08-18
1833,HashTable_Search,5000,91866,0,2026-08-18
1834,HashTable_Insert,10000,806100,844,2026-08-18
1835,HashTable_Search,10000,262166,0,2026-08-18
1836,HashTable_Insert,20000,2280033,1688,2026-08-18
1837,HashTable_Search,20000,817833,0,2026-08-18
1838,BST_Insert,100,133900,422,2026-08-18
1839,RedBlackTree_Insert,100,190200,422,2026-08-18
1840,BST_Search,100,126966,0,2026-08-18
1841,RedBlackTree_Search,100,74900,0,2026-08-18
1842,BST_Insert,500,332500,422,2026-08-18
1843,RedBlackTree_Insert,500,136566,427,2026-08-18
1844,BST_Search,500,171900,0,2026-08-18
1845,RedBlackTree_Search,500,194333,0,2026-08-18
1846,BST_Insert,1000,527966,422,2026-08-18
1847,RedBlackTree_Insert,1000,341066,422,2026-08-18
1848,BST_Search,1000,174066,0,2026-08-18
1849,RedBlackTree_Search,1000,139400,0,2026-08-18
1850,BST_Insert,5000,2288033,422,2026-08-18
1851,RedBlackTree_Insert,5000,4911700,422,2026-08-18
1852,BST_Search,5000,2044000,0,2026-08-18
1853,RedBlackTree_Search,5000,1813800,0,2026-08-18
1854,BST_Insert,10000,8933033,422,2026-08-18
1855,RedBlackTree_Insert,10000,17612200,422,2026-08-18
1856,BST_Search,10000,4273333,0,2026-08-18
1857,RedBlackTree_Search,10000,3560133,0,2026-08-18
1858,PriorityQueue_Enqueue,100,168200,422,2026-08-18
1859,PriorityQueue_Dequeue,100,1175766,422,2026-08-18
1860,PriorityQueue_Enqueue,500,114166,422,2026-08-18
1861,PriorityQueue_Dequeue,500,210066,422,2026-08-18
1862,PriorityQueue_Enqueue,1000,189400,422,2026-08-18
1863,PriorityQueue_Dequeue,1000,453366,422,2026-08-18
1864,PriorityQueue_Enqueue,5000,271966,422,2026-08-18
1865,PriorityQueue_Dequeue,5000,2356900,422,2026-08-18
1866,PriorityQueue_Enqueue,10000,622766,422,2026-08-18
1867,PriorityQueue_Dequeue,10000,8791400,422,2026-08-18
1868,PriorityQueue_Enqueue,20000,986700,844,2026-08-18
1869,PriorityQueue_Dequeue,20000,45729466,844,2026-08-18
1870,BFS_Traversal,117,567933,422,2026-08-18
1871,DFS_Traversal,117,410500,422,2026-08-18
1872,Dijkstra_SingleSource,117,535833,422,2026-08-18
1873,Prim_MST,117,1047566,422,2026-08-18
1874,Kruskal_MST,117,715433,423,2026-08-18
1875,BFS_Connected,58,206300,422,2026-08-18
1876,DFS_CycleDetect,58,89533,422,2026-08-18
1877,MergeSort,100,49233,440,2026-08-18
1878,QuickSort,100,45833,440,2026-08-18
1879,InsertionSort,100,33933,440,2026-08-18
1880,SelectionSort,100,41700,440,2026-08-18
1881,MergeSort,500,117233,441,2026-08-18
1882,QuickSort,500,100866,441,2026-08-18
1883,InsertionSort,500,90066,441,2026-08-18
1884,SelectionSort,500,548300,441,2026-08-18
1885,MergeSort,1000,217333,443,2026-08-18
1886,QuickSort,1000,132100,443,2026-08-18
1887,InsertionSort,1000,224000,443,2026-08-18
1888,SelectionSort,1000,928900,443,2026-08-18
1889,MergeSort,5000,852900,908,2026-08-18
1890,QuickSort,5000,589333,459,2026-08-18
1891,InsertionSort,5000,4483466,459,2026-08-18
1892,SelectionSort,5000,46280600,459,2026-08-18
1893,MergeSort,10000,4209800,982,2026-08-18
1894,QuickSort,10000,1790700,478,2026-08-18
1895,InsertionSort,10000,20149900,478,2026-08-18
1896,SelectionSort,10000,110181866,478,2026-08-18
1897,LinearSearch,100,18300,0,2026-08-18
1898,BinarySearch,100,12666,0,2026-08-18
1899,LinearSearch,500,12100,0,2026-08-18
1900,BinarySearch,500,11700,0,2026-08-18
1901,LinearSearch,1000,11900,0,2026-08-18
1902,BinarySearch,1000,10900,0,2026-08-18
1903,LinearSearch,5000,14433,0,2026-08-18
1904,BinarySearch,5000,11266,0,2026-08-18
1905,LinearSearch,10000,13700,0,2026-08-18
1906,BinarySearch,10000,11133,0,2026-08-18
1907,HashTable_Insert,100,48433,439,2026-08-18
1908,HashTable_Search,100,12033,0,2026-08-18
1909,HashTable_Insert,500,44100,439,2026-08-18
1910,HashTable_Search,500,19266,0,2026-08-18
1911,HashTable_Insert,1000,88166,439,2026-08-18
1912,HashTable_Search,1000,17366,0,2026-08-18
1913,HashTable_Insert,5000,204400,439,2026-08-18
1914,HashTable_Search,5000,85600,0,2026-08-18
1915,HashTable_Insert,10000,449166,957,2026-08-18
1916,HashTable_Search,10000,110633,0,2026-08-18
1917,HashTable_Insert,20000,965433,1915,2026-08-18
1918,HashTable_Search,20000,298066,0,2026-08-18
1919,BST_Insert,100,35900,439,2026-08-18
1920,RedBlackTree_Insert,100,39666,439,2026-08-18
1921,BST_Search,100,14566,0,2026-08-18
1922,RedBlackTree_Search,100,16833,0,2026-08-18
1923,BST_Insert,500,68800,439,2026-08-18
1924,RedBlackTree_Insert,500,64766,439,2026-08-18
1925,BST_Search,500,60400,0,2026-08-18
1926,RedBlackTree_Search,500,39000,0,2026-08-18
1927,BST_Insert,1000,136966,439,2026-08-18
1928,RedBlackTree_Insert,1000,140200,439,2026-08-18
1929,BST_Search,1000,134466,0,2026-08-18
1930,RedBlackTree_Search,1000,93000,0,2026-08-18
1931,BST_Insert,5000,675166,439,2026-08-18
1932,RedBlackTree_Insert,5000,672900,439,2026-08-18
1933,BST_Search,5000,714866,3,2026-08-18
1934,RedBlackTree_Search,5000,538100,0,2026-08-18
1935,BST_Insert,10000,1319366,439,2026-08-18
1936,RedBlackTree_Insert,10000,1517900,439,2026-08-18
1937,BST_Search,10000,2102233,0,2026-08-18
1938,RedBlackTree_Search,10000,1048200,0,2026-08-18
1939,PriorityQueue_Enqueue,100,16966,439,2026-08-18
1940,PriorityQueue_Dequeue,100,43033,439,2026-08-18
1941,PriorityQueue_Enqueue,500,27266,439,2026-08-18
1942,PriorityQueue_Dequeue,500,75933,439,2026-08-18
1943,PriorityQueue_Enqueue,1000,35266,439,2026-08-18
1944,PriorityQueue_Dequeue,1000,128833,439,2026-08-18
1945,PriorityQueue_Enqueue,5000,121066,439,2026-08-18
1946,PriorityQueue_Dequeue,5000,918033,439,2026-08-18
1947,PriorityQueue_Enqueue,10000,272900,439,2026-08-18
1948,PriorityQueue_Dequeue,10000,1845400,439,2026-08-18
1949,PriorityQueue_Enqueue,20000,586933,879,2026-08-18
1950,PriorityQueue_Dequeue,20000,4167100,879,2026-08-18
1951,BFS_Traversal,117,110533,440,2026-08-18
1952,DFS_Traversal,117,151300,440,2026-08-18
1953,Dijkstra_SingleSource,117,112266,440,2026-08-18
1954,Prim_MST,117,201766,440,2026-08-18
1955,Kruskal_MST,117,311833,440,2026-08-18
1956,BFS_Connected,58,192533,440,2026-08-18
1957,DFS_CycleDetect,58,71600,440,2026-08-18
1958,MergeSort,100,38600,495,2026-08-18
1959,QuickSort,100,107566,495,2026-08-18
1960,InsertionSort,100,108133,495,2026-08-18
1961,SelectionSort,100,173600,495,2026-08-18
1962,MergeSort,500,84533,497,2026-08-18
1963,QuickSort,500,53600,497,2026-08-18
1964,InsertionSort,500,172800,497,2026-08-18
1965,SelectionSort,500,224300,497,2026-08-18
1966,MergeSort,1000,306366,499,2026-08-18
1967,QuickSort,1000,170500,499,2026-08-18
1968,InsertionSort,1000,288233,499,2026-08-18
1969,SelectionSort,1000,786100,499,2026-08-18
1970,MergeSort,5000,1233566,514,2026-08-18
1971,QuickSort,5000,586566,514,2026-08-18
1972,InsertionSort,5000,3089533,514,2026-08-18
1973,SelectionSort,5000,10342566,514,2026-08-18
1974,MergeSort,10000,1789800,1029,2026-08-18
1975,QuickSort,10000,1984733,534,2026-08-18
1976,InsertionSort,10000,15856500,534,2026-08-18
1977,SelectionSort,10000,58677166,534,2026-08-18
1978,LinearSearch,100,14000,0,2026-08-18
1979,BinarySearch,100,22566,0,2026-08-18
1980,LinearSearch,500,23000,0,2026-08-18
1981,BinarySearch,500,24266,0,2026-08-18
1982,LinearSearch,1000,29666,0,2026-08-18
1983,BinarySearch,1000,7500,0,2026-08-18
1984,LinearSearch,5000,14166,0,2026-08-18
1985,BinarySearch,5000,17066,0,2026-08-18
1986,LinearSearch,10000,88000,0,2026-08-18
1987,BinarySearch,10000,16666,0,2026-08-18
1988,HashTable_Insert,100,166700,495,2026-08-18
1989,HashTable_Search,100,113300,0,2026-08-18
1990,HashTable_Insert,500,398533,495,2026-08-18
1991,HashTable_Search,500,101933,495,2026-08-18
1992,HashTable_Insert,1000,274133,495,2026-08-18
1993,HashTable_Search,1000,111400,330,2026-08-18
1994,HashTable_Insert,5000,260466,495,2026-08-18
1995,HashTable_Search,5000,55400,0,2026-08-18
1996,HashTable_Insert,10000,422700,1068,2026-08-18
1997,HashTable_Search,10000,160266,0,2026-08-18
1998,HashTable_Insert,20000,1032600,1641,2026-08-18
1999,HashTable_Search,20000,260766,0,2026-08-18
2000,BST_Insert,100,168766,495,2026-08-18
2001,RedBlackTree_Insert,100,227766,495,2026-08-18
2002,BST_Search,100,468900,0,2026-08-18
2003,RedBlackTree_Search,100,153633,0,2026-08-18
2004,BST_Insert,500,272600,495,2026-08-18
2005,RedBlackTree_Insert,500,262433,495,2026-08-18
2006,BST_Search,500,208500,0,2026-08-18
2007,RedBlackTree_Search,500,2064366,0,2026-08-18
2008,BST_Insert,1000,314033,495,2026-08-18
2009,RedBlackTree_Insert,1000,995000,495,2026-08-18
2010,BST_Search,1000,765366,0,2026-08-18
2011,RedBlackTree_Search,1000,122233,0,2026-08-18
2012,BST_Insert,5000,796466,495,2026-08-18
2013,RedBlackTree_Insert,5000,1006700,495,2026-08-18
2014,BST_Search,5000,2360966,0,2026-08-18
2015,RedBlackTree_Search,5000,925033,0,2026-08-18
2016,BST_Insert,10000,2981600,495,2026-08-18
2017,RedBlackTree_Insert,10000,3050733,495,2026-08-18
2018,BST_Search,10000,3900500,0,2026-08-18
2019,RedBlackTree_Search,10000,1659833,0,2026-08-18
2020,PriorityQueue_Enqueue,100,123333,495,2026-08-18
2021,PriorityQueue_Dequeue,100,242033,495,2026-08-18
2022,PriorityQueue_Enqueue,500,992866,495,2026-08-18
2023,PriorityQueue_Dequeue,500,529266,495,2026-08-18
2024,PriorityQueue_Enqueue,1000,209900,495,2026-08-18
2025,PriorityQueue_Dequeue,1000,940600,495,2026-08-18
2026,PriorityQueue_Enqueue,5000,459166,495,2026-08-18
2027,PriorityQueue_Dequeue,5000,1799766,495,2026-08-18
2028,PriorityQueue_Enqueue,10000,770900,495,2026-08-18
2029,PriorityQueue_Dequeue,10000,5481300,495,2026-08-18
2030,PriorityQueue_Enqueue,20000,1406866,990,2026-08-18
2031,PriorityQueue_Dequeue,20000,14677033,990,2026-08-18
2032,BFS_Traversal,117,737300,495,2026-08-18
2033,DFS_Traversal,117,407200,495,2026-08-18
2034,Dijkstra_SingleSource,117,480300,495,2026-08-18
2035,Prim_MST,117,680933,495,2026-08-18
2036,Kruskal_MST,117,412966,496,2026-08-18
2037,BFS_Connected,58,152233,495,2026-08-18
2038,DFS_CycleDetect,58,108966,495,2026-08-18
2039,MergeSort,100,134600,495,2026-08-18
2040,QuickSort,100,68400,495,2026-08-18
2041,InsertionSort,100,28733,495,2026-08-18
2042,SelectionSort,100,61866,495,2026-08-18
2043,MergeSort,500,115966,497,2026-08-18
2044,QuickSort,500,57033,497,2026-08-18
2045,InsertionSort,500,51366,497,2026-08-18
2046,SelectionSort,500,176866,497,2026-08-18
2047,MergeSort,1000,291366,499,2026-08-18
2048,QuickSort,1000,167333,499,2026-08-18
2049,InsertionSort,1000,281366,499,2026-08-18
2050,SelectionSort,1000,997600,499,2026-08-18
2051,MergeSort,5000,966000,514,2026-08-18
2052,QuickSort,5000,369500,514,2026-08-18
2053,InsertionSort,5000,3010833,514,2026-08-18
2054,SelectionSort,5000,9060200,514,2026-08-18
2055,MergeSort,10000,1445000,1029,2026-08-18
2056,QuickSort,10000,713433,534,2026-08-18
2057,InsertionSort,10000,11213100,534,2026-08-18
2058,SelectionSort,10000,44974500,534,2026-08-18
2059,LinearSearch,100,10566,0,2026-08-18
2060,BinarySearch,100,8966,0,2026-08-18
2061,LinearSearch,500,14066,0,2026-08-18
2062,BinarySearch,500,7766,0,2026-08-18
2063,LinearSearch,1000,16166,0,2026-08-18
2064,BinarySearch,1000,10733,0,2026-08-18
2065,LinearSearch,5000,15800,0,2026-08-18
2066,BinarySearch,5000,16333,0,2026-08-18
2067,LinearSearch,10000,51300,0,2026-08-18
2068,BinarySearch,10000,9500,0,2026-08-18
2069,HashTable_Insert,100,20433,495,2026-08-18
2070,HashTable_Search,100,8733,0,2026-08-18
2071,HashTable_Insert,500,40733,495,2026-08-18
2072,HashTable_Search,500,24400,0,2026-08-18
2073,HashTable_Insert,1000,43433,495,2026-08-18
2074,HashTable_Search,1000,15200,0,2026-08-18
2075,HashTable_Insert,5000,178500,495,2026-08-18
2076,HashTable_Search,5000,63933,0,2026-08-18
2077,HashTable_Insert,10000,322833,1068,2026-08-18
2078,HashTable_Search,10000,70166,0,2026-08-18
2079,HashTable_Insert,20000,548500,1641,2026-08-18
2080,HashTable_Search,20000,172900,0,2026-08-18
2081,BST_Insert,100,29133,495,2026-08-18
2082,RedBlackTree_Insert,100,31400,495,2026-08-18
2083,BST_Search,100,13033,0,2026-08-18
2084,RedBlackTree_Search,100,10666,0,2026-08-18
2085,BST_Insert,500,71800,495,2026-08-18
2086,RedBlackTree_Insert,500,63933,495,2026-08-18
2087,BST_Search,500,53200,0,2026-08-18
2088,RedBlackTree_Search,500,79933,0,2026-08-18
2089,BST_Insert,1000,89066,495,2026-08-18
2090,RedBlackTree_Insert,1000,96500,495,2026-08-18
2091,BST_Search,1000,82800,0,2026-08-18
2092,RedBlackTree_Search,1000,68000,0,2026-08-18
2093,BST_Insert,5000,491900,495,2026-08-18
2094,RedBlackTree_Insert,5000,631333,495,2026-08-18
2095,BST_Search,5000,808533,0,2026-08-18
2096,RedBlackTree_Search,5000,525533,0,2026-08-18
2097,BST_Insert,10000,1191400,495,2026-08-18
2098,RedBlackTree_Insert,10000,1278066,495,2026-08-18
2099,BST_Search,10000,1671833,0,2026-08-18
2100,RedBlackTree_Search,10000,1020733,0,2026-08-18
2101,PriorityQueue_Enqueue,100,27500,495,2026-08-18
2102,PriorityQueue_Dequeue,100,44933,495,2026-08-18
2103,PriorityQueue_Enqueue,500,40766,495,2026-08-18
2104,PriorityQueue_Dequeue,500,108000,495,2026-08-18
2105,PriorityQueue_Enqueue,1000,56200,495,2026-08-18
2106,PriorityQueue_Dequeue,1000,202433,495,2026-08-18
2107,PriorityQueue_Enqueue,5000,224766,495,2026-08-18
2108,PriorityQueue_Dequeue,5000,1528966,495,2026-08-18
2109,PriorityQueue_Enqueue,10000,435433,495,2026-08-18
2110,PriorityQueue_Dequeue,10000,3274300,495,2026-08-18
2111,PriorityQueue_Enqueue,20000,994266,990,2026-08-18
2112,PriorityQueue_Dequeue,20000,8792100,990,2026-08-18
2113,BFS_Traversal,117,222000,495,2026-08-18
2114,DFS_Traversal,117,256233,495,2026-08-18
2115,Dijkstra_SingleSource,117,232600,495,2026-08-18
2116,Prim_MST,117,295033,495,2026-08-18
2117,Kruskal_MST,117,353233,496,2026-08-18
2118,BFS_Connected,58,223566,495,2026-08-18
2119,DFS_CycleDetect,58,90966,495,2026-08-18
2120,MergeSort,100,63500,495,2026-08-18
2121,QuickSort,100,40766,495,2026-08-18
2122,InsertionSort,100,33700,495,2026-08-18
2123,SelectionSort,100,40200,495,2026-08-18
2124,MergeSort,500,121200,497,2026-08-18
2125,QuickSort,500,80566,497,2026-08-18
2126,InsertionSort,500,61333,497,2026-08-18
2127,SelectionSort,500,243800,497,2026-08-18
2128,MergeSort,1000,229900,499,2026-08-18
2129,QuickSort,1000,241533,499,2026-08-18
2130,InsertionSort,1000,206066,499,2026-08-18
2131,SelectionSort,1000,786666,499,2026-08-18
2132,MergeSort,5000,1123900,514,2026-08-18
2133,QuickSort,5000,585566,514,2026-08-18
2134,InsertionSort,5000,3716366,514,2026-08-18
2135,SelectionSort,5000,13469533,514,2026-08-18
2136,MergeSort,10000,1809666,1029,2026-08-18
2137,QuickSort,10000,1139600,534,2026-08-18
2138,InsertionSort,10000,17767566,534,2026-08-18
2139,SelectionSort,10000,61028000,534,2026-08-18
2140,LinearSearch,100,8433,0,2026-08-18
2141,BinarySearch,100,7066,0,2026-08-18
2142,LinearSearch,500,9633,0,2026-08-18
2143,BinarySearch,500,10066,0,2026-08-18
2144,LinearSearch,1000,12700,0,2026-08-18
2145,BinarySearch,1000,7733,0,2026-08-18
2146,LinearSearch,5000,37300,0,2026-08-18
2147,BinarySearch,5000,8066,0,2026-08-18
2148,LinearSearch,10000,12266,0,2026-08-18
2149,BinarySearch,10000,13666,0,2026-08-18
2150,HashTable_Insert,100,61933,495,2026-08-18
2151,HashTable_Search,100,11400,0,2026-08-18
2152,HashTable_Insert,500,37133,495,2026-08-18
2153,HashTable_Search,500,17800,0,2026-08-18
2154,HashTable_Insert,1000,67066,495,2026-08-18
2155,HashTable_Search,1000,41100,0,2026-08-18
2156,HashTable_Insert,5000,269133,495,2026-08-18
2157,HashTable_Search,5000,77433,0,2026-08-18
2158,HashTable_Insert,10000,474000,1068,2026-08-18
2159,HashTable_Search,10000,128066,0,2026-08-18
2160,HashTable_Insert,20000,778733,1641,2026-08-18
2161,HashTable_Search,20000,313566,0,2026-08-18
2162,BST_Insert,100,40366,495,2026-08-18
2163,RedBlackTree_Insert,100,51933,495,2026-08-18
2164,BST_Search,100,20100,0,2026-08-18
2165,RedBlackTree_Search,100,14300,0,2026-08-18
2166,BST_Insert,500,63833,495,2026-08-18
2167,RedBlackTree_Insert,500,84133,495,2026-08-18
2168,BST_Search,500,65200,0,2026-08-18
2169,RedBlackTree_Search,500,55666,0,2026-08-18
2170,BST_Insert,1000,142066,495,2026-08-18
2171,RedBlackTree_Insert,1000,140733,495,2026-08-18
2172,BST_Search,1000,128633,0,2026-08-18
2173,RedBlackTree_Search,1000,89900,2,2026-08-18
2174,BST_Insert,5000,857600,495,2026-08-18
2175,RedBlackTree_Insert,5000,783400,495,2026-08-18
2176,BST_Search,5000,985200,0,2026-08-18
2177,RedBlackTree_Search,5000,705766,0,2026-08-18
2178,BST_Insert,10000,1908333,495,2026-08-18
2179,RedBlackTree_Insert,10000,1702033,495,2026-08-18
2180,BST_Search,10000,1882966,0,2026-08-18
2181,RedBlackTree_Search,10000,1653933,0,2026-08-18
2182,PriorityQueue_Enqueue,100,19833,495,2026-08-18
2183,PriorityQueue_Dequeue,100,34366,495,2026-08-18
2184,PriorityQueue_Enqueue,500,36566,495,2026-08-18
2185,PriorityQueue_Dequeue,500,156233,495,2026-08-18
2186,PriorityQueue_Enqueue,1000,54066,495,2026-08-18
2187,PriorityQueue_Dequeue,1000,274666,495,2026-08-18
2188,PriorityQueue_Enqueue,5000,187833,495,2026-08-18
2189,PriorityQueue_Dequeue,5000,1030766,495,2026-08-18
2190,PriorityQueue_Enqueue,10000,380866,495,2026-08-18
2191,PriorityQueue_Dequeue,10000,3131566,495,2026-08-18
2192,PriorityQueue_Enqueue,20000,921133,990,2026-08-18
2193,PriorityQueue_Dequeue,20000,7035833,990,2026-08-18
2194,BFS_Traversal,117,156533,495,2026-08-18
2195,DFS_Traversal,117,366366,495,2026-08-18
2196,Dijkstra_SingleSource,117,338600,495,2026-08-18
2197,Prim_MST,117,172800,495,2026-08-18
2198,Kruskal_MST,117,184766,496,2026-08-18
2199,BFS_Connected,58,122766,495,2026-08-18
2200,DFS_CycleDetect,58,53166,495,2026-08-18
2201,MergeSort,100,54500,495,2026-08-18
2202,QuickSort,100,29300,495,2026-08-18
2203,InsertionSort,100,31100,495,2026-08-18
2204,SelectionSort,100,33633,495,2026-08-18
2205,MergeSort,500,91433,497,2026-08-18
2206,QuickSort,500,63600,497,2026-08-18
2207,InsertionSort,500,55066,497,2026-08-18
2208,SelectionSort,500,167200,497,2026-08-18
2209,MergeSort,1000,187900,499,2026-08-18
2210,QuickSort,1000,107400,499,2026-08-18
2211,InsertionSort,1000,265800,499,2026-08-18
2212,SelectionSort,1000,732366,499,2026-08-18
2213,MergeSort,5000,1021633,514,2026-08-18
2214,QuickSort,5000,704200,514,2026-08-18
2215,InsertionSort,5000,2953000,514,2026-08-18
2216,SelectionSort,5000,13797166,514,2026-08-18
2217,MergeSort,10000,1759833,1029,2026-08-18
2218,QuickSort,10000,1197200,534,2026-08-18
2219,InsertionSort,10000,14191233,534,2026-08-18
2220,SelectionSort,10000,50071566,534,2026-08-18
2221,LinearSearch,100,10666,0,2026-08-18
2222,BinarySearch,100,19466,0,2026-08-18
2223,LinearSearch,500,9133,0,2026-08-18
2224,BinarySearch,500,10033,0,2026-08-18
2225,LinearSearch,1000,9000,0,2026-08-18
2226,BinarySearch,1000,7966,0,2026-08-18
2227,LinearSearch,5000,7700,0,2026-08-18
2228,BinarySearch,5000,8133,0,2026-08-18
2229,LinearSearch,10000,8866,0,2026-08-18
2230,BinarySearch,10000,11233,0,2026-08-18
2231,HashTable_Insert,100,33166,495,2026-08-18
2232,HashTable_Search,100,11600,0,2026-08-18
2233,HashTable_Insert,500,59600,495,2026-08-18
2234,HashTable_Search,500,17200,0,2026-08-18
2235,HashTable_Insert,1000,115633,495,2026-08-18
2236,HashTable_Search,1000,58066,0,2026-08-18
2237,HashTable_Insert,5000,263700,495,2026-08-18
2238,HashTable_Search,5000,74133,0,2026-08-18
2239,HashTable_Insert,10000,741500,1068,2026-08-18
2240,HashTable_Search,10000,254300,0,2026-08-18
2241,HashTable_Insert,20000,965200,1641,2026-08-18
2242,HashTable_Search,20000,253200,0,2026-08-18
2243,BST_Insert,100,35866,495,2026-08-18
2244,RedBlackTree_Insert,100,77166,495,2026-08-18
2245,BST_Search,100,17966,0,2026-08-18
2246,RedBlackTree_Search,100,22566,0,2026-08-18
2247,BST_Insert,500,110000,495,2026-08-18
2248,RedBlackTree_Insert,500,98600,495,2026-08-18
2249,BST_Search,500,69600,0,2026-08-18
2250,RedBlackTree_Search,500,45133,0,2026-08-18
2251,BST_Insert,1000,202333,495,2026-08-18
2252,RedBlackTree_Insert,1000,220466,495,2026-08-18
2253,BST_Search,1000,372133,0,2026-08-18
2254,RedBlackTree_Search,1000,122233,0,2026-08-18
2255,BST_Insert,5000,938766,495,2026-08-18
2256,RedBlackTree_Insert,5000,919500,495,2026-08-18
2257,BST_Search,5000,897033,0,2026-08-18
2258,RedBlackTree_Search,5000,753300,0,2026-08-18
2259,BST_Insert,10000,2052100,495,2026-08-18
2260,RedBlackTree_Insert,10000,2654533,495,2026-08-18
2261,BST_Search,10000,3498133,0,2026-08-18
2262,RedBlackTree_Search,10000,2890000,2,2026-08-18
2263,PriorityQueue_Enqueue,100,39933,495,2026-08-18
2264,PriorityQueue_Dequeue,100,54633,495,2026-08-18
2265,PriorityQueue_Enqueue,500,55600,495,2026-08-18
2266,PriorityQueue_Dequeue,500,186933,495,2026-08-18
2267,PriorityQueue_Enqueue,1000,47266,495,2026-08-18
2268,PriorityQueue_Dequeue,1000,200533,495,2026-08-18
2269,PriorityQueue_Enqueue,5000,240366,495,2026-08-18
2270,PriorityQueue_Dequeue,5000,1669266,495,2026-08-18
2271,PriorityQueue_Enqueue,10000,282600,495,2026-08-18
2272,PriorityQueue_Dequeue,10000,2124933,495,2026-08-18
2273,PriorityQueue_Enqueue,20000,581533,990,2026-08-18
2274,PriorityQueue_Dequeue,20000,9071100,990,2026-08-18
2275,BFS_Traversal,117,190200,495,2026-08-18
2276,DFS_Traversal,117,246700,495,2026-08-18
2277,Dijkstra_SingleSource,117,169500,495,2026-08-18
2278,Prim_MST,117,218533,495,2026-08-18
2279,Kruskal_MST,117,227333,496,2026-08-18
2280,BFS_Connected,58,131700,495,2026-08-18
2281,DFS_CycleDetect,58,75400,495,2026-08-18
2282,MergeSort,100,95833,495,2026-08-18
2283,QuickSort,100,47133,495,2026-08-18
2284,InsertionSort,100,25533,495,2026-08-18
2285,SelectionSort,100,86800,495,2026-08-18
2286,MergeSort,500,102033,497,2026-08-18
2287,QuickSort,500,73800,497,2026-08-18
2288,InsertionSort,500,60233,497,2026-08-18
2289,SelectionSort,500,227233,497,2026-08-18
2290,MergeSort,1000,247066,499,2026-08-18
2291,QuickSort,1000,201966,499,2026-08-18
2292,InsertionSort,1000,239033,499,2026-08-18
2293,SelectionSort,1000,777733,499,2026-08-18
2294,MergeSort,5000,1266766,514,2026-08-18
2295,QuickSort,5000,573400,514,2026-08-18
2296,InsertionSort,5000,6600966,514,2026-08-18
2297,SelectionSort,5000,22153300,514,2026-08-18
2298,MergeSort,10000,3146166,1029,2026-08-18
2299,QuickSort,10000,1980333,534,2026-08-18
2300,InsertionSort,10000,37279000,534,2026-08-18
2301,SelectionSort,10000,79173533,534,2026-08-18
2302,LinearSearch,100,15400,0,2026-08-18
2303,BinarySearch,100,11233,0,2026-08-18
2304,LinearSearch,500,13966,0,2026-08-18
2305,BinarySearch,500,30833,0,2026-08-18
2306,LinearSearch,1000,12366,0,2026-08-18
2307,BinarySearch,1000,18066,0,2026-08-18
2308,LinearSearch,5000,28633,0,2026-08-18
2309,BinarySearch,5000,32633,0,2026-08-18
2310,LinearSearch,10000,12166,0,2026-08-18
2311,BinarySearch,10000,18133,0,2026-08-18
2312,HashTable_Insert,100,43100,495,2026-08-18
2313,HashTable_Search,100,13300,0,2026-08-18
2314,HashTable_Insert,500,45600,495,2026-08-18
2315,HashTable_Search,500,13566,0,2026-08-18
2316,HashTable_Insert,1000,79100,495,2026-08-18
2317,HashTable_Search,1000,72500,0,2026-08-18
2318,HashTable_Insert,5000,401600,495,2026-08-18
2319,HashTable_Search,5000,292533,0,2026-08-18
2320,HashTable_Insert,10000,589233,1068,2026-08-18
2321,HashTable_Search,10000,161633,0,2026-08-18
2322,HashTable_Insert,20000,1444200,1641,2026-08-18
2323,HashTable_Search,20000,393566,0,2026-08-18
2324,BST_Insert,100,61300,495,2026-08-18
2325,RedBlackTree_Insert,100,48400,495,2026-08-18
2326,BST_Search,100,23233,0,2026-08-18
2327,RedBlackTree_Search,100,31133,0,2026-08-18
2328,BST_Insert,500,94866,495,2026-08-18
2329,RedBlackTree_Insert,500,92400,495,2026-08-18
2330,BST_Search,500,64800,0,2026-08-18
2331,RedBlackTree_Search,500,61266,0,2026-08-18
2332,BST_Insert,1000,302100,495,2026-08-18
2333,RedBlackTree_Insert,1000,162466,495,2026-08-18
2334,BST_Search,1000,337766,0,2026-08-18
2335,RedBlackTree_Search,1000,112433,0,2026-08-18
2336,BST_Insert,5000,1005500,495,2026-08-18
2337,RedBlackTree_Insert,5000,1191400,495,2026-08-18
2338,BST_Search,5000,1544566,0,2026-08-18
2339,RedBlackTree_Search,5000,1180966,0,2026-08-18
2340,BST_Insert,10000,4363233,495,2026-08-18
2341,RedBlackTree_Insert,10000,2346966,495,2026-08-18
2342,BST_Search,10000,9807400,0,2026-08-18
2343,RedBlackTree_Search,10000,2292333,0,2026-08-18
2344,PriorityQueue_Enqueue,100,26133,495,2026-08-18
2345,PriorityQueue_Dequeue,100,58200,495,2026-08-18
2346,PriorityQueue_Enqueue,500,47400,495,2026-08-18
2347,PriorityQueue_Dequeue,500,248200,495,2026-08-18
2348,PriorityQueue_Enqueue,1000,214933,495,2026-08-18
2349,PriorityQueue_Dequeue,1000,247466,495,2026-08-18
2350,PriorityQueue_Enqueue,5000,295300,495,2026-08-18
2351,PriorityQueue_Dequeue,5000,3790533,495,2026-08-18
2352,PriorityQueue_Enqueue,10000,675366,495,2026-08-18
2353,PriorityQueue_Dequeue,10000,6976933,495,2026-08-18
2354,PriorityQueue_Enqueue,20000,818266,990,2026-08-18
2355,PriorityQueue_Dequeue,20000,9176400,990,2026-08-18
2356,BFS_Traversal,117,175266,495,2026-08-18
2357,DFS_Traversal,117,239900,495,2026-08-18
2358,Dijkstra_SingleSource,117,565733,495,2026-08-18
2359,Prim_MST,117,419733,495,2026-08-18
2360,Kruskal_MST,117,195066,496,2026-08-18
2361,BFS_Connected,58,619833,495,2026-08-18
2362,DFS_CycleDetect,58,93133,495,2026-08-18
2363,MergeSort,100,43200,489,2026-08-18
2364,QuickSort,100,71900,489,2026-08-18
2365,InsertionSort,100,36333,489,2026-08-18
2366,SelectionSort,100,53900,489,2026-08-18
2367,MergeSort,500,321400,490,2026-08-18
2368,QuickSort,500,184000,490,2026-08-18
2369,InsertionSort,500,77000,490,2026-08-18
2370,SelectionSort,500,220766,490,2026-08-18
2371,MergeSort,1000,211066,492,2026-08-18
2372,QuickSort,1000,149233,492,2026-08-18
2373,InsertionSort,1000,166900,492,2026-08-18
2374,SelectionSort,1000,764833,492,2026-08-18
2375,MergeSort,5000,1112800,508,2026-08-18
2376,QuickSort,5000,792233,508,2026-08-18
2377,InsertionSort,5000,4094033,508,2026-08-18
2378,SelectionSort,5000,15493500,508,2026-08-18
2379,MergeSort,10000,2818866,1017,2026-08-18
2380,QuickSort,10000,1223866,528,2026-08-18
2381,InsertionSort,10000,20466233,528,2026-08-18
2382,SelectionSort,10000,85713533,528,2026-08-18
2383,LinearSearch,100,9466,0,2026-08-18
2384,BinarySearch,100,11400,0,2026-08-18
2385,LinearSearch,500,46366,0,2026-08-18
2386,BinarySearch,500,13000,0,2026-08-18
2387,LinearSearch,1000,11166,0,2026-08-18
2388,BinarySearch,1000,8866,0,2026-08-18
2389,LinearSearch,5000,11100,0,2026-08-18
2390,BinarySearch,5000,13933,0,2026-08-18
2391,LinearSearch,10000,12366,0,2026-08-18
2392,BinarySearch,10000,56866,0,2026-08-18
2393,HashTable_Insert,100,70266,489,2026-08-18
2394,HashTable_Search,100,10166,0,2026-08-18
2395,HashTable_Insert,500,62000,489,2026-08-18
2396,HashTable_Search,500,16633,1,2026-08-18
2397,HashTable_Insert,1000,89766,489,2026-08-18
2398,HashTable_Search,1000,31233,0,2026-08-18
2399,HashTable_Insert,5000,239466,489,2026-08-18
2400,HashTable_Search,5000,134600,0,2026-08-18
2401,HashTable_Insert,10000,1070933,1056,2026-08-18
2402,HashTable_Search,10000,142366,0,2026-08-18
2403,HashTable_Insert,20000,1324066,1623,2026-08-18
2404,HashTable_Search,20000,321533,0,2026-08-18
2405,BST_Insert,100,57966,489,2026-08-18
2406,RedBlackTree_Insert,100,59700,489,2026-08-18
2407,BST_Search,100,22200,0,2026-08-18
2408,RedBlackTree_Search,100,20700,0,2026-08-18
2409,BST_Insert,500,159266,489,2026-08-18
2410,RedBlackTree_Insert,500,111166,489,2026-08-18
2411,BST_Search,500,70966,0,2026-08-18
2412,RedBlackTree_Search,500,47133,0,2026-08-18
2413,BST_Insert,1000,227700,489,2026-08-18
2414,RedBlackTree_Insert,1000,221866,489,2026-08-18
2415,BST_Search,1000,134466,0,2026-08-18
2416,RedBlackTree_Search,1000,104400,0,2026-08-18
2417,BST_Insert,5000,1415466,489,2026-08-18
2418,RedBlackTree_Insert,5000,1136300,489,2026-08-18
2419,BST_Search,5000,1588066,0,2026-08-18
2420,RedBlackTree_Search,5000,841566,0,2026-08-18
2421,BST_Insert,10000,2500966,489,2026-08-18
2422,RedBlackTree_Insert,10000,2516833,489,2026-08-18
2423,BST_Search,10000,7915900,0,2026-08-18
2424,RedBlackTree_Search,10000,1810700,0,2026-08-18
2425,PriorityQueue_Enqueue,100,46366,489,2026-08-18
2426,PriorityQueue_Dequeue,100,117400,489,2026-08-18
2427,PriorityQueue_Enqueue,500,66966,489,2026-08-18
2428,PriorityQueue_Dequeue,500,204200,489,2026-08-18
2429,PriorityQueue_Enqueue,1000,52533,489,2026-08-18
2430,PriorityQueue_Dequeue,1000,318266,489,2026-08-18
2431,PriorityQueue_Enqueue,5000,237966,489,2026-08-18
2432,PriorityQueue_Dequeue,5000,1577400,489,2026-08-18
2433,PriorityQueue_Enqueue,10000,611300,489,2026-08-18
2434,PriorityQueue_Dequeue,10000,4259933,489,2026-08-18
2435,PriorityQueue_Enqueue,20000,1091566,978,2026-08-18
2436,PriorityQueue_Dequeue,20000,33555266,978,2026-08-18
2437,BFS_Traversal,117,229200,489,2026-08-18
2438,DFS_Traversal,117,404266,489,2026-08-18
2439,Dijkstra_SingleSource,117,238100,489,2026-08-18
2440,Prim_MST,117,549733,489,2026-08-18
2441,Kruskal_MST,117,244133,489,2026-08-18
2442,BFS_Connected,58,236600,489,2026-08-18
2443,DFS_CycleDetect,58,84900,489,2026-08-18
2444,MergeSort,100,104166,485,2026-08-18
2445,QuickSort,100,124633,485,2026-08-18
2446,InsertionSort,100,129566,485,2026-08-18
2447,SelectionSort,100,938666,485,2026-08-18
2448,MergeSort,500,211900,487,2026-08-18
2449,QuickSort,500,106900,487,2026-08-18
2450,InsertionSort,500,232133,487,2026-08-18
2451,SelectionSort,500,352633,487,2026-08-18
2452,MergeSort,1000,849300,488,2026-08-18
2453,QuickSort,1000,269166,488,2026-08-18
2454,InsertionSort,1000,308500,488,2026-08-18
2455,SelectionSort,1000,649733,490,2026-08-18
2456,MergeSort,5000,1317400,504,2026-08-18
2457,QuickSort,5000,605033,504,2026-08-18
2458,InsertionSort,5000,4725833,504,2026-08-18
2459,SelectionSort,5000,21117366,504,2026-08-18
2460,MergeSort,10000,2557266,1009,2026-08-18
2461,QuickSort,10000,1106400,524,2026-08-18
2462,InsertionSort,10000,23020833,524,2026-08-18
2463,SelectionSort,10000,65023733,524,2026-08-18
2464,LinearSearch,100,21500,0,2026-08-18
2465,BinarySearch,100,15733,0,2026-08-18
2466,LinearSearch,500,10866,0,2026-08-18
2467,BinarySearch,500,12866,0,2026-08-18
2468,LinearSearch,1000,42800,0,2026-08-18
2469,BinarySearch,1000,17133,0,2026-08-18
2470,LinearSearch,5000,146166,0,2026-08-18
2471,BinarySearch,5000,66366,0,2026-08-18
2472,LinearSearch,10000,15800,0,2026-08-18
2473,BinarySearch,10000,56500,0,2026-08-18
2474,HashTable_Insert,100,549766,485,2026-08-18
2475,HashTable_Search,100,96500,0,2026-08-18
2476,HashTable_Insert,500,244433,485,2026-08-18
2477,HashTable_Search,500,112166,485,2026-08-18
2478,HashTable_Insert,1000,365933,485,2026-08-18
2479,HashTable_Search,1000,139166,323,2026-08-18
2480,HashTable_Insert,5000,459900,485,2026-08-18
2481,HashTable_Search,5000,98033,0,2026-08-18
2482,HashTable_Insert,10000,422000,1048,2026-08-18
2483,HashTable_Search,10000,170966,0,2026-08-18
2484,HashTable_Insert,20000,1614600,1611,2026-08-18
2485,HashTable_Search,20000,334266,0,2026-08-18
2486,BST_Insert,100,77866,485,2026-08-18
2487,RedBlackTree_Insert,100,71233,485,2026-08-18
2488,BST_Search,100,38433,0,2026-08-18
2489,RedBlackTree_Search,100,22433,0,2026-08-18
2490,BST_Insert,500,84333,485,2026-08-18
2491,RedBlackTree_Insert,500,100733,485,2026-08-18
2492,BST_Search,500,69666,0,2026-08-18
2493,RedBlackTree_Search,500,84266,0,2026-08-18
2494,BST_Insert,1000,201166,485,2026-08-18
2495,RedBlackTree_Insert,1000,189366,485,2026-08-18
2496,BST_Search,1000,164900,0,2026-08-18
2497,RedBlackTree_Search,1000,289266,0,2026-08-18
2498,BST_Insert,5000,1238700,485,2026-08-18
2499,RedBlackTree_Insert,5000,1064733,485,2026-08-18
2500,BST_Search,5000,1500800,0,2026-08-18
2501,RedBlackTree_Search,5000,1067800,0,2026-08-18
2502,BST_Insert,10000,3309433,485,2026-08-18
2503,RedBlackTree_Insert,10000,2651066,485,2026-08-18
2504,BST_Search,10000,4479066,0,2026-08-18
2505,RedBlackTree_Search,10000,2289566,0,2026-08-18
2506,PriorityQueue_Enqueue,100,61966,485,2026-08-18
2507,PriorityQueue_Dequeue,100,185166,485,2026-08-18
2508,PriorityQueue_Enqueue,500,86066,485,2026-08-18
2509,PriorityQueue_Dequeue,500,126766,485,2026-08-18
2510,PriorityQueue_Enqueue,1000,58466,485,2026-08-18
2511,PriorityQueue_Dequeue,1000,1410100,485,2026-08-18
2512,PriorityQueue_Enqueue,5000,351333,486,2026-08-18
2513,PriorityQueue_Dequeue,5000,1425200,485,2026-08-18
2514,PriorityQueue_Enqueue,10000,645466,485,2026-08-18
2515,PriorityQueue_Dequeue,10000,5269900,485,2026-08-18
2516,PriorityQueue_Enqueue,20000,1363266,970,2026-08-18
2517,PriorityQueue_Dequeue,20000,15148833,970,2026-08-18
2518,BFS_Traversal,117,598433,485,2026-08-18
2519,DFS_Traversal,117,311533,485,2026-08-18
2520,Dijkstra_SingleSource,117,659800,485,2026-08-18
2521,Prim_MST,117,412700,485,2026-08-18
2522,Kruskal_MST,117,255700,485,2026-08-18
2523,BFS_Connected,58,363633,485,2026-08-18
2524,DFS_CycleDetect,58,272200,485,2026-08-18
2525,MergeSort,100,272200,195,2026-08-18
2526,QuickSort,100,230033,120,2026-08-18
2527,InsertionSort,100,472933,120,2026-08-18
2528,SelectionSort,100,403600,120,2026-08-18
2529,MergeSort,500,706900,103,2026-08-18
2530,QuickSort,500,193633,103,2026-08-18
2531,InsertionSort,500,920033,103,2026-08-18
2532,SelectionSort,500,6004166,103,2026-08-18
2533,MergeSort,1000,293400,105,2026-08-18
2534,QuickSort,1000,615833,105,2026-08-18
2535,InsertionSort,1000,1373933,105,2026-08-18
2536,SelectionSort,1000,1016400,105,2026-08-18
2537,MergeSort,5000,2053500,525,2026-08-18
2538,QuickSort,5000,909066,120,2026-08-18
2539,InsertionSort,5000,23945266,120,2026-08-18
2540,SelectionSort,5000,24482533,120,2026-08-18
2541,MergeSort,10000,2091066,988,2026-08-18
2542,QuickSort,10000,4023133,140,2026-08-18
2543,InsertionSort,10000,35310000,140,2026-08-18
2544,SelectionSort,10000,120283533,140,2026-08-18
2545,LinearSearch,100,71133,18,2026-08-18
2546,BinarySearch,100,12366,0,2026-08-18
2547,LinearSearch,500,24233,0,2026-08-18
2548,BinarySearch,500,145566,0,2026-08-18
2549,LinearSearch,1000,984266,0,2026-08-18
2550,BinarySearch,1000,13766,0,2026-08-18
2551,LinearSearch,5000,167366,0,2026-08-18
2552,BinarySearch,5000,13133,0,2026-08-18
2553,LinearSearch,10000,286166,0,2026-08-18
2554,BinarySearch,10000,12800,0,2026-08-18
2555,HashTable_Insert,100,1911700,101,2026-08-18
2556,HashTable_Search,100,134833,18,2026-08-18
2557,HashTable_Insert,500,299500,101,2026-08-18
2558,HashTable_Search,500,185033,101,2026-08-18
2559,HashTable_Insert,1000,704600,101,2026-08-18
2560,HashTable_Search,1000,596533,101,2026-08-18
2561,HashTable_Insert,5000,1843400,463,2026-08-18
2562,HashTable_Search,5000,759700,101,2026-08-18
2563,HashTable_Insert,10000,2070200,825,2026-08-18
2564,HashTable_Search,10000,940333,202,2026-08-18
2565,HashTable_Insert,20000,5144733,1650,2026-08-18
2566,HashTable_Search,20000,2985000,404,2026-08-18
2567,BST_Insert,100,4130833,119,2026-08-18
2568,RedBlackTree_Insert,100,1505300,119,2026-08-18
2569,BST_Search,100,261700,0,2026-08-18
2570,RedBlackTree_Search,100,68733,18,2026-08-18
2571,BST_Insert,500,1274400,101,2026-08-18
2572,RedBlackTree_Insert,500,564766,101,2026-08-18
2573,BST_Search,500,170500,0,2026-08-18
2574,RedBlackTree_Search,500,185400,0,2026-08-18
2575,BST_Insert,1000,238366,101,2026-08-18
2576,RedBlackTree_Insert,1000,280633,101,2026-08-18
2577,BST_Search,1000,171266,0,2026-08-18
2578,RedBlackTree_Search,1000,171366,0,2026-08-18
2579,BST_Insert,5000,711566,202,2026-08-18
2580,RedBlackTree_Insert,5000,749133,202,2026-08-18
2581,BST_Search,5000,948733,0,2026-08-18
2582,RedBlackTree_Search,5000,757066,0,2026-08-18
2583,BST_Insert,10000,1685100,303,2026-08-18
2584,RedBlackTree_Insert,10000,1728466,404,2026-08-18
2585,BST_Search,10000,1724900,0,2026-08-18
2586,RedBlackTree_Search,10000,2891100,0,2026-08-18
2587,PriorityQueue_Enqueue,100,4545733,119,2026-08-18
2588,PriorityQueue_Dequeue,100,323866,101,2026-08-18
2589,PriorityQueue_Enqueue,500,94533,101,2026-08-18
2590,PriorityQueue_Dequeue,500,345800,101,2026-08-18
2591,PriorityQueue_Enqueue,1000,329633,101,2026-08-18
2592,PriorityQueue_Dequeue,1000,663900,101,2026-08-18
2593,PriorityQueue_Enqueue,5000,797000,202,2026-08-18
2594,PriorityQueue_Dequeue,5000,3742233,202,2026-08-18
2595,PriorityQueue_Enqueue,10000,1233833,303,2026-08-18
2596,PriorityQueue_Dequeue,10000,8587200,303,2026-08-18
2597,PriorityQueue_Enqueue,20000,2411933,606,2026-08-18
2598,PriorityQueue_Dequeue,20000,13011400,606,2026-08-18
2599,BFS_Traversal,117,5984633,120,2026-08-18
2600,DFS_Traversal,117,820333,138,2026-08-18
2601,Dijkstra_SingleSource,117,1510866,120,2026-08-18
2602,Prim_MST,117,1174900,120,2026-08-18
2603,Kruskal_MST,117,5070033,120,2026-08-18
2604,BFS_Connected,58,434333,120,2026-08-18
2605,DFS_CycleDetect,58,67400,120,2026-08-18
2606,MergeSort,100,45166,285,2026-08-18
2607,QuickSort,100,34033,276,2026-08-18
2608,InsertionSort,100,45633,276,2026-08-18
2609,SelectionSort,100,24433,276,2026-08-18
2610,MergeSort,500,75166,277,2026-08-18
2611,QuickSort,500,56233,277,2026-08-18
2612,InsertionSort,500,45633,277,2026-08-18
2613,SelectionSort,500,117866,277,2026-08-18
2614,MergeSort,1000,163866,279,2026-08-18
2615,QuickSort,1000,75333,279,2026-08-18
2616,InsertionSort,1000,156700,279,2026-08-18
2617,SelectionSort,1000,440033,279,2026-08-18
2618,MergeSort,5000,925466,571,2026-08-18
2619,QuickSort,5000,628066,295,2026-08-18
2620,InsertionSort,5000,6885566,295,2026-08-18
2621,SelectionSort,5000,18756866,295,2026-08-18
2622,MergeSort,10000,3650900,1142,2026-08-18
2623,QuickSort,10000,1297166,315,2026-08-18
2624,InsertionSort,10000,13375766,315,2026-08-18
2625,SelectionSort,10000,79605666,315,2026-08-18
2626,LinearSearch,100,6400,0,2026-08-18
2627,BinarySearch,100,6133,0,2026-08-18
2628,LinearSearch,500,7766,0,2026-08-18
2629,BinarySearch,500,5000,0,2026-08-18
2630,LinearSearch,1000,20500,0,2026-08-18
2631,BinarySearch,1000,13266,0,2026-08-18
2632,LinearSearch,5000,123500,0,2026-08-18
2633,BinarySearch,5000,10333,0,2026-08-18
2634,LinearSearch,10000,100600,0,2026-08-18
2635,BinarySearch,10000,11166,0,2026-08-18
2636,HashTable_Insert,100,237166,275,2026-08-18
2637,HashTable_Search,100,384233,0,2026-08-18
2638,HashTable_Insert,500,317533,275,2026-08-18
2639,HashTable_Search,500,152300,275,2026-08-18
2640,HashTable_Insert,1000,347766,275,2026-08-18
2641,HashTable_Search,1000,23966,0,2026-08-18
2642,HashTable_Insert,5000,478000,551,2026-08-18
2643,HashTable_Search,5000,97666,0,2026-08-18
2644,HashTable_Insert,10000,2114466,827,2026-08-18
2645,HashTable_Search,10000,151666,0,2026-08-18
2646,HashTable_Insert,20000,1337500,1655,2026-08-18
2647,HashTable_Search,20000,320333,0,2026-08-18
2648,BST_Insert,100,688000,275,2026-08-18
2649,RedBlackTree_Insert,100,266733,275,2026-08-18
2650,BST_Search,100,347033,0,2026-08-18
2651,RedBlackTree_Search,100,153533,0,2026-08-18
2652,BST_Insert,500,126900,275,2026-08-18
2653,RedBlackTree_Insert,500,392333,275,2026-08-18
2654,BST_Search,500,165366,0,2026-08-18
2655,RedBlackTree_Search,500,83466,0,2026-08-18
2656,BST_Insert,1000,203366,275,2026-08-18
2657,RedBlackTree_Insert,1000,257233,275,2026-08-18
2658,BST_Search,1000,394733,0,2026-08-18
2659,RedBlackTree_Search,1000,249666,0,2026-08-18
2660,BST_Insert,5000,975933,275,2026-08-18
2661,RedBlackTree_Insert,5000,814633,275,2026-08-18
2662,BST_Search,5000,754200,0,2026-08-18
2663,RedBlackTree_Search,5000,765200,0,2026-08-18
2664,BST_Insert,10000,1412933,551,2026-08-18
2665,RedBlackTree_Insert,10000,1439733,551,2026-08-18
2666,BST_Search,10000,1750400,0,2026-08-18
2667,RedBlackTree_Search,10000,2189233,0,2026-08-18
2668,PriorityQueue_Enqueue,100,152833,275,2026-08-18
2669,PriorityQueue_Dequeue,100,982000,275,2026-08-18
2670,PriorityQueue_Enqueue,500,427866,275,2026-08-18
2671,PriorityQueue_Dequeue,500,361066,275,2026-08-18
2672,PriorityQueue_Enqueue,1000,50600,275,2026-08-18
2673,PriorityQueue_Dequeue,1000,412666,275,2026-08-18
2674,PriorityQueue_Enqueue,5000,185066,275,2026-08-18
2675,PriorityQueue_Dequeue,5000,925300,275,2026-08-18
2676,PriorityQueue_Enqueue,10000,241233,275,2026-08-18
2677,PriorityQueue_Dequeue,10000,1766200,275,2026-08-18
2678,PriorityQueue_Enqueue,20000,531933,551,2026-08-18
2679,PriorityQueue_Dequeue,20000,4159933,551,2026-08-18
2680,BFS_Traversal,117,238800,276,2026-08-18
2681,DFS_Traversal,117,301533,276,2026-08-18
2682,Dijkstra_SingleSource,117,287333,276,2026-08-18
2683,Prim_MST,117,226966,276,2026-08-18
2684,Kruskal_MST,117,380700,276,2026-08-18
2685,BFS_Connected,58,128533,276,2026-08-18
2686,DFS_CycleDetect,58,41566,276,2026-08-18
2687,MergeSort,100,49000,276,2026-08-18
2688,QuickSort,100,36900,276,2026-08-18
2689,InsertionSort,100,42933,276,2026-08-18
2690,SelectionSort,100,85866,276,2026-08-18
2691,MergeSort,500,164533,277,2026-08-18
2692,QuickSort,500,88400,277,2026-08-18
2693,InsertionSort,500,221433,277,2026-08-18
2694,SelectionSort,500,429066,277,2026-08-18
2695,MergeSort,1000,627433,279,2026-08-18
2696,QuickSort,1000,178266,279,2026-08-18
2697,InsertionSort,1000,218966,279,2026-08-18
2698,SelectionSort,1000,918266,279,2026-08-18
2699,MergeSort,5000,1008533,571,2026-08-18
2700,QuickSort,5000,700666,295,2026-08-18
2701,InsertionSort,5000,6461633,295,2026-08-18
2702,SelectionSort,5000,12792900,295,2026-08-18
2703,MergeSort,10000,2357733,1142,2026-08-18
2704,QuickSort,10000,2028600,315,2026-08-18
2705,InsertionSort,10000,25087200,315,2026-08-18
2706,SelectionSort,10000,46216600,315,2026-08-18
2707,LinearSearch,100,9933,0,2026-08-18
2708,BinarySearch,100,15700,0,2026-08-18
2709,LinearSearch,500,25866,0,2026-08-18
2710,BinarySearch,500,18800,0,2026-08-18
2711,LinearSearch,1000,122533,0,2026-08-18
2712,BinarySearch,1000,10400,0,2026-08-18
2713,LinearSearch,5000,64033,0,2026-08-18
2714,BinarySearch,5000,26500,0,2026-08-18
2715,LinearSearch,10000,6373533,0,2026-08-18
2716,BinarySearch,10000,12033,0,2026-08-18
2717,HashTable_Insert,100,33433,275,2026-08-18
2718,HashTable_Search,100,47166,0,2026-08-18
2719,HashTable_Insert,500,68333,275,2026-08-18
2720,HashTable_Search,500,13366,0,2026-08-18
2721,HashTable_Insert,1000,93700,275,2026-08-18
2722,HashTable_Search,1000,16966,0,2026-08-18
2723,HashTable_Insert,5000,308566,551,2026-08-18
2724,HashTable_Search,5000,414500,0,2026-08-18
2725,HashTable_Insert,10000,680133,827,2026-08-18
2726,HashTable_Search,10000,274733,0,2026-08-18
2727,HashTable_Insert,20000,1402933,1655,2026-08-18
2728,HashTable_Search,20000,458933,0,2026-08-18
2729,BST_Insert,100,45200,275,2026-08-18
2730,RedBlackTree_Insert,100,54200,275,2026-08-18
2731,BST_Search,100,26300,0,2026-08-18
2732,RedBlackTree_Search,100,30666,0,2026-08-18
2733,BST_Insert,500,60533,275,2026-08-18
2734,RedBlackTree_Insert,500,70133,275,2026-08-18
2735,BST_Search,500,41700,0,2026-08-18
2736,RedBlackTree_Search,500,37666,0,2026-08-18
2737,BST_Insert,1000,148333,275,2026-08-18
2738,RedBlackTree_Insert,1000,169400,275,2026-08-18
2739,BST_Search,1000,164133,0,2026-08-18
2740,RedBlackTree_Search,1000,487133,0,2026-08-18
2741,BST_Insert,5000,936666,275,2026-08-18
2742,RedBlackTree_Insert,5000,919766,275,2026-08-18
2743,BST_Search,5000,1687200,0,2026-08-18
2744,RedBlackTree_Search,5000,2185566,0,2026-08-18
2745,BST_Insert,10000,3667166,551,2026-08-18
2746,RedBlackTree_Insert,10000,6519033,551,2026-08-18
2747,BST_Search,10000,9313366,0,2026-08-18
2748,RedBlackTree_Search,10000,2339700,0,2026-08-18
2749,PriorityQueue_Enqueue,100,75900,275,2026-08-18
2750,PriorityQueue_Dequeue,100,206000,275,2026-08-18
2751,PriorityQueue_Enqueue,500,118333,275,2026-08-18
2752,PriorityQueue_Dequeue,500,171266,275,2026-08-18
2753,PriorityQueue_Enqueue,1000,178900,275,2026-08-18
2754,PriorityQueue_Dequeue,1000,772533,275,2026-08-18
2755,PriorityQueue_Enqueue,5000,253166,275,2026-08-18
2756,PriorityQueue_Dequeue,5000,1521733,275,2026-08-18
2757,PriorityQueue_Enqueue,10000,319566,275,2026-08-18
2758,PriorityQueue_Dequeue,10000,6090033,275,2026-08-18
2759,PriorityQueue_Enqueue,20000,2102733,551,2026-08-18
2760,PriorityQueue_Dequeue,20000,9858533,551,2026-08-18
2761,BFS_Traversal,117,143400,276,2026-08-18
2762,DFS_Traversal,117,166700,276,2026-08-18
2763,Dijkstra_SingleSource,117,151166,276,2026-08-18
2764,Prim_MST,117,153766,276,2026-08-18
2765,Kruskal_MST,117,186033,276,2026-08-18
2766,BFS_Connected,58,161166,276,2026-08-18
2767,DFS_CycleDetect,58,47966,276,2026-08-18
2768,MergeSort,100,78233,313,2026-08-18
2769,QuickSort,100,147833,313,2026-08-18
2770,InsertionSort,100,135733,313,2026-08-18
2771,SelectionSort,100,258000,313,2026-08-18
2772,MergeSort,500,146800,315,2026-08-18
2773,QuickSort,500,102533,315,2026-08-18
2774,InsertionSort,500,236533,315,2026-08-18
2775,SelectionSort,500,456466,315,2026-08-18
2776,MergeSort,1000,212900,317,2026-08-18
2777,QuickSort,1000,145733,317,2026-08-18
2778,InsertionSort,1000,316866,317,2026-08-18
2779,SelectionSort,1000,1777000,317,2026-08-18
2780,MergeSort,5000,1348333,647,2026-08-18
2781,QuickSort,5000,703766,332,2026-08-18
2782,InsertionSort,5000,3788100,332,2026-08-18
2783,SelectionSort,5000,27340566,332,2026-08-18
2784,MergeSort,10000,3966866,978,2026-08-18
2785,QuickSort,10000,2294700,352,2026-08-18
2786,InsertionSort,10000,54089400,352,2026-08-18
2787,SelectionSort,10000,69813166,352,2026-08-18
2788,LinearSearch,100,22600,0,2026-08-18
2789,BinarySearch,100,15666,0,2026-08-18
2790,LinearSearch,500,84933,0,2026-08-18
2791,BinarySearch,500,14266,0,2026-08-18
2792,LinearSearch,1000,62566,0,2026-08-18
2793,BinarySearch,1000,16300,0,2026-08-18
2794,LinearSearch,5000,38233,0,2026-08-18
2795,BinarySearch,5000,18933,0,2026-08-18
2796,LinearSearch,10000,98633,0,2026-08-18
2797,BinarySearch,10000,12233,0,2026-08-18
2798,HashTable_Insert,100,895533,313,2026-08-18
2799,HashTable_Search,100,85733,0,2026-08-18
2800,HashTable_Insert,500,329066,313,2026-08-18
2801,HashTable_Search,500,153900,313,2026-08-18
2802,HashTable_Insert,1000,5432433,313,2026-08-18
2803,HashTable_Search,1000,723966,208,2026-08-18
2804,HashTable_Insert,5000,436133,626,2026-08-18
2805,HashTable_Search,5000,89366,0,2026-08-18
2806,HashTable_Insert,10000,520666,939,2026-08-18
2807,HashTable_Search,10000,166900,0,2026-08-18
2808,HashTable_Insert,20000,6892333,1722,2026-08-18
2809,HashTable_Search,20000,1523333,0,2026-08-18
2810,BST_Insert,100,858366,313,2026-08-18
2811,RedBlackTree_Insert,100,378600,313,2026-08-18
2812,BST_Search,100,132366,0,2026-08-18
2813,RedBlackTree_Search,100,147466,0,2026-08-18
2814,BST_Insert,500,275433,313,2026-08-18
2815,RedBlackTree_Insert,500,240433,313,2026-08-18
2816,BST_Search,500,181700,0,2026-08-18
2817,RedBlackTree_Search,500,574600,0,2026-08-18
2818,BST_Insert,1000,368666,313,2026-08-18
2819,RedBlackTree_Insert,1000,254100,313,2026-08-18
2820,BST_Search,1000,259733,0,2026-08-18
2821,RedBlackTree_Search,1000,243466,0,2026-08-18
2822,BST_Insert,5000,1152000,313,2026-08-18
2823,RedBlackTree_Insert,5000,12433266,313,2026-08-18
2824,BST_Search,5000,1890266,0,2026-08-18
2825,RedBlackTree_Search,5000,22763000,0,2026-08-18
2826,BST_Insert,10000,8539866,313,2026-08-18
2827,RedBlackTree_Insert,10000,24370433,626,2026-08-18
2828,BST_Search,10000,11901933,0,2026-08-18
2829,RedBlackTree_Search,10000,25651133,0,2026-08-18
2830,PriorityQueue_Enqueue,100,1583633,313,2026-08-18
2831,PriorityQueue_Dequeue,100,509466,313,2026-08-18
2832,PriorityQueue_Enqueue,500,1107033,313,2026-08-18
2833,PriorityQueue_Dequeue,500,293800,313,2026-08-18
2834,PriorityQueue_Enqueue,1000,113866,313,2026-08-18
2835,PriorityQueue_Dequeue,1000,329166,313,2026-08-18
2836,PriorityQueue_Enqueue,5000,252800,313,2026-08-18
2837,PriorityQueue_Dequeue,5000,1532366,313,2026-08-18
2838,PriorityQueue_Enqueue,10000,758700,313,2026-08-18
2839,PriorityQueue_Dequeue,10000,5729133,313,2026-08-18
2840,PriorityQueue_Enqueue,20000,1639000,626,2026-08-18
2841,PriorityQueue_Dequeue,20000,14766066,626,2026-08-18
2842,BFS_Traversal,117,895800,313,2026-08-18
2843,DFS_Traversal,117,1981366,313,2026-08-18
2844,Dijkstra_SingleSource,117,491233,313,2026-08-18
2845,Prim_MST,117,2416700,313,2026-08-18
2846,Kruskal_MST,117,1016733,314,2026-08-18
2847,BFS_Connected,58,393500,313,2026-08-18
2848,DFS_CycleDetect,58,230933,313,2026-08-18
2849,MergeSort,100,69900,164,2026-08-20
2850,QuickSort,100,63300,83,2026-08-20
2851,InsertionSort,100,137866,102,2026-08-20
2852,SelectionSort,100,42600,83,2026-08-20
2853,MergeSort,500,150700,85,2026-08-20
2854,QuickSort,500,145466,85,2026-08-20
2855,InsertionSort,500,270533,85,2026-08-20
2856,SelectionSort,500,165933,85,2026-08-20
2857,MergeSort,1000,175800,87,2026-08-20
2858,QuickSort,1000,118133,87,2026-08-20
2859,InsertionSort,1000,147933,87,2026-08-20
2860,SelectionSort,1000,478733,87,2026-08-20
2861,MergeSort,5000,753900,469,2026-08-20
2862,QuickSort,5000,429966,103,2026-08-20
2863,InsertionSort,5000,3501200,103,2026-08-20
2864,SelectionSort,5000,12982433,103,2026-08-20
2865,MergeSort,10000,1854100,986,2026-08-20
2866,QuickSort,10000,1201233,122,2026-08-20
2867,InsertionSort,10000,15664133,122,2026-08-20
2868,SelectionSort,10000,65639200,122,2026-08-20
2869,LinearSearch,100,55900,0,2026-08-20
2870,BinarySearch,100,12433,0,2026-08-20
2871,LinearSearch,500,275766,0,2026-08-20
2872,BinarySearch,500,10266,0,2026-08-20
2873,LinearSearch,1000,64300,0,2026-08-20
2874,BinarySearch,1000,10166,0,2026-08-20
2875,LinearSearch,5000,64400,0,2026-08-20
2876,BinarySearch,5000,17733,0,2026-08-20
2877,LinearSearch,10000,177666,0,2026-08-20
2878,BinarySearch,10000,12766,0,2026-08-20
2879,HashTable_Insert,100,223500,102,2026-08-20
2880,HashTable_Search,100,71266,18,2026-08-20
2881,HashTable_Insert,500,287200,83,2026-08-20
2882,HashTable_Search,500,126033,83,2026-08-20
2883,HashTable_Insert,1000,474566,83,2026-08-20
2884,HashTable_Search,1000,276433,83,2026-08-20
2885,HashTable_Insert,5000,1282266,437,2026-08-20
2886,HashTable_Search,5000,649733,83,2026-08-20
2887,HashTable_Insert,10000,1616333,869,2026-08-20
2888,HashTable_Search,10000,824400,167,2026-08-20
2889,HashTable_Insert,20000,1609766,1655,2026-08-20
2890,HashTable_Search,20000,990100,334,2026-08-20
2891,BST_Insert,100,938466,102,2026-08-20
2892,RedBlackTree_Insert,100,1184466,102,2026-08-20
2893,BST_Search,100,104000,18,2026-08-20
2894,RedBlackTree_Search,100,75233,0,2026-08-20
2895,BST_Insert,500,177133,83,2026-08-20
2896,RedBlackTree_Insert,500,340733,83,2026-08-20
2897,BST_Search,500,425133,0,2026-08-20
2898,RedBlackTree_Search,500,139633,0,2026-08-20
2899,BST_Insert,1000,418333,83,2026-08-20
2900,RedBlackTree_Insert,1000,670266,83,2026-08-20
2901,BST_Search,1000,249100,0,2026-08-20
2902,RedBlackTree_Search,1000,220800,0,2026-08-20
2903,BST_Insert,5000,1836933,167,2026-08-20
2904,RedBlackTree_Insert,5000,1296866,250,2026-08-20
2905,BST_Search,5000,3190666,0,2026-08-20
2906,RedBlackTree_Search,5000,13337233,0,2026-08-20
2907,BST_Insert,10000,6890833,334,2026-08-20
2908,RedBlackTree_Insert,10000,10693533,417,2026-08-20
2909,BST_Search,10000,8689966,0,2026-08-20
2910,RedBlackTree_Search,10000,5311000,0,2026-08-20
2911,PriorityQueue_Enqueue,100,42109900,102,2026-08-20
2912,PriorityQueue_Dequeue,100,170366,102,2026-08-20
2913,PriorityQueue_Enqueue,500,237066,83,2026-08-20
2914,PriorityQueue_Dequeue,500,885766,83,2026-08-20
2915,PriorityQueue_Enqueue,1000,188800,83,2026-08-20
2916,PriorityQueue_Dequeue,1000,441266,83,2026-08-20
2917,PriorityQueue_Enqueue,5000,539200,167,2026-08-20
2918,PriorityQueue_Dequeue,5000,2095766,167,2026-08-20
2919,PriorityQueue_Enqueue,10000,994700,334,2026-08-20
2920,PriorityQueue_Dequeue,10000,8852500,334,2026-08-20
2921,PriorityQueue_Enqueue,20000,2155300,585,2026-08-20
2922,PriorityQueue_Dequeue,20000,33572700,585,2026-08-20
2923,BFS_Traversal,117,7408933,102,2026-08-20
2924,DFS_Traversal,117,1790566,121,2026-08-20
2925,Dijkstra_SingleSource,117,3123000,102,2026-08-20
2926,Prim_MST,117,1585833,102,2026-08-20
2927,Kruskal_MST,117,4097666,102,2026-08-20
2928,BFS_Connected,58,261566,102,2026-08-20
2929,DFS_CycleDetect,58,141200,83,2026-08-20
2930,MergeSort,100,59066,195,2026-08-20
2931,QuickSort,100,29166,195,2026-08-20
2932,InsertionSort,100,43200,195,2026-08-20
2933,SelectionSort,100,66600,195,2026-08-20
2934,MergeSort,500,102233,196,2026-08-20
2935,QuickSort,500,113000,196,2026-08-20
2936,InsertionSort,500,78966,196,2026-08-20
2937,SelectionSort,500,170366,196,2026-08-20
2938,MergeSort,1000,294333,198,2026-08-20
2939,QuickSort,1000,106500,198,2026-08-20
2940,InsertionSort,1000,174233,198,2026-08-20
2941,SelectionSort,1000,693200,198,2026-08-20
2942,MergeSort,5000,961833,603,2026-08-20
2943,QuickSort,5000,497700,214,2026-08-20
2944,InsertionSort,5000,3071700,214,2026-08-20
2945,SelectionSort,5000,11176233,214,2026-08-20
2946,MergeSort,10000,1613700,1013,2026-08-20
2947,QuickSort,10000,904833,233,2026-08-20
2948,InsertionSort,10000,16059166,233,2026-08-20
2949,SelectionSort,10000,58304966,233,2026-08-20
2950,LinearSearch,100,10766,0,2026-08-20
2951,BinarySearch,100,23600,0,2026-08-20
2952,LinearSearch,500,22666,0,2026-08-20
2953,BinarySearch,500,9233,0,2026-08-20
2954,LinearSearch,1000,28133,0,2026-08-20
2955,BinarySearch,1000,13966,0,2026-08-20
2956,LinearSearch,5000,54166,0,2026-08-20
2957,BinarySearch,5000,12133,0,2026-08-20
2958,LinearSearch,10000,17466,0,2026-08-20
2959,BinarySearch,10000,13466,0,2026-08-20
2960,HashTable_Insert,100,30900,194,2026-08-20
2961,HashTable_Search,100,19900,0,2026-08-20
2962,HashTable_Insert,500,99433,194,2026-08-20
2963,HashTable_Search,500,202866,194,2026-08-20
2964,HashTable_Insert,1000,82733,194,2026-08-20
2965,HashTable_Search,1000,141900,194,2026-08-20
2966,HashTable_Insert,5000,215866,595,2026-08-20
2967,HashTable_Search,5000,79133,0,2026-08-20
2968,HashTable_Insert,10000,550733,818,2026-08-20
2969,HashTable_Search,10000,80333,0,2026-08-20
2970,HashTable_Insert,20000,808466,1636,2026-08-20
2971,HashTable_Search,20000,162900,0,2026-08-20
2972,BST_Insert,100,62000,194,2026-08-20
2973,RedBlackTree_Insert,100,46333,194,2026-08-20
2974,BST_Search,100,32433,0,2026-08-20
2975,RedBlackTree_Search,100,67166,0,2026-08-20
2976,BST_Insert,500,112033,194,2026-08-20
2977,RedBlackTree_Insert,500,271500,194,2026-08-20
2978,BST_Search,500,108333,0,2026-08-20
2979,RedBlackTree_Search,500,170500,0,2026-08-20
2980,BST_Insert,1000,225700,194,2026-08-20
2981,RedBlackTree_Insert,1000,252666,194,2026-08-20
2982,BST_Search,1000,192466,0,2026-08-20
2983,RedBlackTree_Search,1000,239633,0,2026-08-20
2984,BST_Insert,5000,1698400,206,2026-08-20
2985,RedBlackTree_Insert,5000,1207500,389,2026-08-20
2986,BST_Search,5000,2347566,0,2026-08-20
2987,RedBlackTree_Search,5000,1956700,0,2026-08-20
2988,BST_Insert,10000,3517633,389,2026-08-20
2989,RedBlackTree_Insert,10000,3119066,584,2026-08-20
2990,BST_Search,10000,3472966,0,2026-08-20
2991,RedBlackTree_Search,10000,1960400,0,2026-08-20
2992,PriorityQueue_Enqueue,100,53666,194,2026-08-20
2993,PriorityQueue_Dequeue,100,110500,194,2026-08-20
2994,PriorityQueue_Enqueue,500,136166,194,2026-08-20
2995,PriorityQueue_Dequeue,500,170166,194,2026-08-20
2996,PriorityQueue_Enqueue,1000,65266,194,2026-08-20
2997,PriorityQueue_Dequeue,1000,277800,194,2026-08-20
2998,PriorityQueue_Enqueue,5000,181666,194,2026-08-20
2999,PriorityQueue_Dequeue,5000,1338766,194,2026-08-20
3000,PriorityQueue_Enqueue,10000,615200,389,2026-08-20
3001,PriorityQueue_Dequeue,10000,3513500,389,2026-08-20
3002,PriorityQueue_Enqueue,20000,1214833,584,2026-08-20
3003,PriorityQueue_Dequeue,20000,8906633,584,2026-08-20
3004,BFS_Traversal,117,225633,207,2026-08-20
3005,DFS_Traversal,117,450900,194,2026-08-20
3006,Dijkstra_SingleSource,117,403166,195,2026-08-20
3007,Prim_MST,117,375833,194,2026-08-20
3008,Kruskal_MST,117,245566,195,2026-08-20
3009,BFS_Connected,58,868200,194,2026-08-20
3010,DFS_CycleDetect,58,76200,194,2026-08-20
3011,MergeSort,100,72100,296,2026-08-20
3012,QuickSort,100,214133,296,2026-08-20
3013,InsertionSort,100,181100,296,2026-08-20
3014,SelectionSort,100,340966,296,2026-08-20
3015,MergeSort,500,118000,297,2026-08-20
3016,QuickSort,500,124400,297,2026-08-20
3017,InsertionSort,500,471633,297,2026-08-20
3018,SelectionSort,500,853300,297,2026-08-20
3019,MergeSort,1000,800633,299,2026-08-20
3020,QuickSort,1000,131066,299,2026-08-20
3021,InsertionSort,1000,203566,299,2026-08-20
3022,SelectionSort,1000,626066,299,2026-08-20
3023,MergeSort,5000,1380866,610,2026-08-20
3024,QuickSort,5000,578733,315,2026-08-20
3025,InsertionSort,5000,6040666,315,2026-08-20
3026,SelectionSort,5000,21260766,315,2026-08-20
3027,MergeSort,10000,2073866,1231,2026-08-20
3028,QuickSort,10000,838933,334,2026-08-20
3029,InsertionSort,10000,10664400,334,2026-08-20
3030,SelectionSort,10000,46390900,334,2026-08-20
3031,LinearSearch,100,11766,0,2026-08-20
3032,BinarySearch,100,8166,0,2026-08-20
3033,LinearSearch,500,7066,0,2026-08-20
3034,BinarySearch,500,6733,0,2026-08-20
3035,LinearSearch,1000,23700,0,2026-08-20
3036,BinarySearch,1000,6400,0,2026-08-20
3037,LinearSearch,5000,82066,0,2026-08-20
3038,BinarySearch,5000,7233,0,2026-08-20
3039,LinearSearch,10000,107133,0,2026-08-20
3040,BinarySearch,10000,8400,0,2026-08-20
3041,HashTable_Insert,100,156033,295,2026-08-20
3042,HashTable_Search,100,84800,0,2026-08-20
3043,HashTable_Insert,500,246233,295,2026-08-20
3044,HashTable_Search,500,120600,295,2026-08-20
3045,HashTable_Insert,1000,240800,295,2026-08-20
3046,HashTable_Search,1000,126966,197,2026-08-20
3047,HashTable_Insert,5000,848566,591,2026-08-20
3048,HashTable_Search,5000,76566,20,2026-08-20
3049,HashTable_Insert,10000,737866,860,2026-08-20
3050,HashTable_Search,10000,74933,0,2026-08-20
3051,HashTable_Insert,20000,469400,1627,2026-08-20
3052,HashTable_Search,20000,206566,0,2026-08-20
3053,BST_Insert,100,118166,295,2026-08-20
3054,RedBlackTree_Insert,100,168966,295,2026-08-20
3055,BST_Search,100,82800,0,2026-08-20
3056,RedBlackTree_Search,100,67933,0,2026-08-20
3057,BST_Insert,500,148866,295,2026-08-20
3058,RedBlackTree_Insert,500,159333,295,2026-08-20
3059,BST_Search,500,123400,0,2026-08-20
3060,RedBlackTree_Search,500,81700,0,2026-08-20
3061,BST_Insert,1000,183233,295,2026-08-20
3062,RedBlackTree_Insert,1000,148000,295,2026-08-20
3063,BST_Search,1000,121400,0,2026-08-20
3064,RedBlackTree_Search,1000,113333,0,2026-08-20
3065,BST_Insert,5000,764733,295,2026-08-20
3066,RedBlackTree_Insert,5000,794333,295,2026-08-20
3067,BST_Search,5000,915566,0,2026-08-20
3068,RedBlackTree_Search,5000,651700,0,2026-08-20
3069,BST_Insert,10000,1902033,573,2026-08-20
3070,RedBlackTree_Insert,10000,1223900,591,2026-08-20
3071,BST_Search,10000,2702000,0,2026-08-20
3072,RedBlackTree_Search,10000,1437000,0,2026-08-20
3073,PriorityQueue_Enqueue,100,83500,286,2026-08-20
3074,PriorityQueue_Dequeue,100,162666,295,2026-08-20
3075,PriorityQueue_Enqueue,500,102800,295,2026-08-20
3076,PriorityQueue_Dequeue,500,492066,295,2026-08-20
3077,PriorityQueue_Enqueue,1000,192666,295,2026-08-20
3078,PriorityQueue_Dequeue,1000,245833,295,2026-08-20
3079,PriorityQueue_Enqueue,5000,235433,295,2026-08-20
3080,PriorityQueue_Dequeue,5000,884166,295,2026-08-20
3081,PriorityQueue_Enqueue,10000,524966,295,2026-08-20
3082,PriorityQueue_Dequeue,10000,1907266,295,2026-08-20
3083,PriorityQueue_Enqueue,20000,478666,591,2026-08-20
3084,PriorityQueue_Dequeue,20000,5558200,591,2026-08-20
3085,BFS_Traversal,117,292600,295,2026-08-20
3086,DFS_Traversal,117,266366,295,2026-08-20
3087,Dijkstra_SingleSource,117,291800,296,2026-08-20
3088,Prim_MST,117,247033,295,2026-08-20
3089,Kruskal_MST,117,280066,296,2026-08-20
3090,BFS_Connected,58,110100,295,2026-08-20
3091,DFS_CycleDetect,58,42766,295,2026-08-20
3092,MergeSort,100,63333,296,2026-08-20
3093,QuickSort,100,82933,296,2026-08-20
3094,InsertionSort,100,52433,296,2026-08-20
3095,SelectionSort,100,63500,296,2026-08-20
3096,MergeSort,500,252500,297,2026-08-20
3097,QuickSort,500,68933,297,2026-08-20
3098,InsertionSort,500,76500,297,2026-08-20
3099,SelectionSort,500,308266,297,2026-08-20
3100,MergeSort,1000,211966,299,2026-08-20
3101,QuickSort,1000,242500,299,2026-08-20
3102,InsertionSort,1000,185866,299,2026-08-20
3103,SelectionSort,1000,589600,299,2026-08-20
3104,MergeSort,5000,929900,610,2026-08-20
3105,QuickSort,5000,625200,315,2026-08-20
3106,InsertionSort,5000,5852833,315,2026-08-20
3107,SelectionSort,5000,17096400,315,2026-08-20
3108,MergeSort,10000,2263733,1231,2026-08-20
3109,QuickSort,10000,1469400,334,2026-08-20
3110,InsertionSort,10000,14747700,334,2026-08-20
3111,SelectionSort,10000,38857066,334,2026-08-20
3112,LinearSearch,100,8900,0,2026-08-20
3113,BinarySearch,100,16466,0,2026-08-20
3114,LinearSearch,500,7800,0,2026-08-20
3115,BinarySearch,500,15000,0,2026-08-20
3116,LinearSearch,1000,12800,0,2026-08-20
3117,BinarySearch,1000,11566,0,2026-08-20
3118,LinearSearch,5000,13033,0,2026-08-20
3119,BinarySearch,5000,9400,0,2026-08-20
3120,LinearSearch,10000,11133,0,2026-08-20
3121,BinarySearch,10000,7300,0,2026-08-20
3122,HashTable_Insert,100,21866,295,2026-08-20
3123,HashTable_Search,100,7833,0,2026-08-20
3124,HashTable_Insert,500,26600,295,2026-08-20
3125,HashTable_Search,500,14766,0,2026-08-20
3126,HashTable_Insert,1000,40133,295,2026-08-20
3127,HashTable_Search,1000,22233,0,2026-08-20
3128,HashTable_Insert,5000,154866,591,2026-08-20
3129,HashTable_Search,5000,99533,0,2026-08-20
3130,HashTable_Insert,10000,395800,887,2026-08-20
3131,HashTable_Search,10000,85600,0,2026-08-20
3132,HashTable_Insert,20000,607200,1635,2026-08-20
3133,HashTable_Search,20000,149133,0,2026-08-20
3134,BST_Insert,100,25866,295,2026-08-20
3135,RedBlackTree_Insert,100,32466,295,2026-08-20
3136,BST_Search,100,17200,0,2026-08-20
3137,RedBlackTree_Search,100,15333,0,2026-08-20
3138,BST_Insert,500,72166,295,2026-08-20
3139,RedBlackTree_Insert,500,67100,295,2026-08-20
3140,BST_Search,500,63633,0,2026-08-20
3141,RedBlackTree_Search,500,35433,0,2026-08-20
3142,BST_Insert,1000,98833,295,2026-08-20
3143,RedBlackTree_Insert,1000,159533,295,2026-08-20
3144,BST_Search,1000,99400,0,2026-08-20
3145,RedBlackTree_Search,1000,74333,0,2026-08-20
3146,BST_Insert,5000,587100,295,2026-08-20
3147,RedBlackTree_Insert,5000,546033,295,2026-08-20
3148,BST_Search,5000,635266,0,2026-08-20
3149,RedBlackTree_Search,5000,495400,0,2026-08-20
3150,BST_Insert,10000,1262133,573,2026-08-20
3151,RedBlackTree_Insert,10000,1320333,591,2026-08-20
3152,BST_Search,10000,1583266,0,2026-08-20
3153,RedBlackTree_Search,10000,1052700,0,2026-08-20
3154,PriorityQueue_Enqueue,100,18233,286,2026-08-20
3155,PriorityQueue_Dequeue,100,32800,295,2026-08-20
3156,PriorityQueue_Enqueue,500,32100,295,2026-08-20
3157,PriorityQueue_Dequeue,500,85433,295,2026-08-20
3158,PriorityQueue_Enqueue,1000,77000,295,2026-08-20
3159,PriorityQueue_Dequeue,1000,182600,295,2026-08-20
3160,PriorityQueue_Enqueue,5000,146500,295,2026-08-20
3161,PriorityQueue_Dequeue,5000,913133,295,2026-08-20
3162,PriorityQueue_Enqueue,10000,264466,295,2026-08-20
3163,PriorityQueue_Dequeue,10000,2607266,295,2026-08-20
3164,PriorityQueue_Enqueue,20000,588933,591,2026-08-20
3165,PriorityQueue_Dequeue,20000,6484900,591,2026-08-20
3166,BFS_Traversal,117,149900,295,2026-08-20
3167,DFS_Traversal,117,236766,295,2026-08-20
3168,Dijkstra_SingleSource,117,165866,296,2026-08-20
3169,Prim_MST,117,208200,295,2026-08-20
3170,Kruskal_MST,117,176833,296,2026-08-20
3171,BFS_Connected,58,222233,295,2026-08-20
3172,DFS_CycleDetect,58,69366,295,2026-08-20
3173,MergeSort,100,95233,296,2026-08-20
3174,QuickSort,100,315100,296,2026-08-20
3175,InsertionSort,100,151100,296,2026-08-20
3176,SelectionSort,100,207600,296,2026-08-20
3177,MergeSort,500,140933,297,2026-08-20
3178,QuickSort,500,127400,297,2026-08-20
3179,InsertionSort,500,552133,297,2026-08-20
3180,SelectionSort,500,243700,297,2026-08-20
3181,MergeSort,1000,217033,299,2026-08-20
3182,QuickSort,1000,139666,299,2026-08-20
3183,InsertionSort,1000,195233,299,2026-08-20
3184,SelectionSort,1000,488333,299,2026-08-20
3185,MergeSort,5000,909366,610,2026-08-20
3186,QuickSort,5000,510133,315,2026-08-20
3187,InsertionSort,5000,3637033,315,2026-08-20
3188,SelectionSort,5000,14143766,315,2026-08-20
3189,MergeSort,10000,1854833,1231,2026-08-20
3190,QuickSort,10000,2442966,334,2026-08-20
3191,InsertionSort,10000,18063566,334,2026-08-20
3192,SelectionSort,10000,48147466,334,2026-08-20
3193,LinearSearch,100,12033,0,2026-08-20
3194,BinarySearch,100,14300,0,2026-08-20
3195,LinearSearch,500,35300,0,2026-08-20
3196,BinarySearch,500,16866,0,2026-08-20
3197,LinearSearch,1000,30200,0,2026-08-20
3198,BinarySearch,1000,7466,0,2026-08-20
3199,LinearSearch,5000,14933,0,2026-08-20
3200,BinarySearch,5000,8300,0,2026-08-20
3201,LinearSearch,10000,109100,0,2026-08-20
3202,BinarySearch,10000,22300,0,2026-08-20
3203,HashTable_Insert,100,270666,295,2026-08-20
3204,HashTable_Search,100,69366,0,2026-08-20
3205,HashTable_Insert,500,216000,295,2026-08-20
3206,HashTable_Search,500,83433,295,2026-08-20
3207,HashTable_Insert,1000,292700,295,2026-08-20
3208,HashTable_Search,1000,107833,197,2026-08-20
3209,HashTable_Insert,5000,198833,591,2026-08-20
3210,HashTable_Search,5000,70466,0,2026-08-20
3211,HashTable_Insert,10000,392533,887,2026-08-20
3212,HashTable_Search,10000,958666,0,2026-08-20
3213,HashTable_Insert,20000,844533,1627,2026-08-20
3214,HashTable_Search,20000,126900,0,2026-08-20
3215,BST_Insert,100,125866,295,2026-08-20
3216,RedBlackTree_Insert,100,144200,295,2026-08-20
3217,BST_Search,100,73100,0,2026-08-20
3218,RedBlackTree_Search,100,81466,0,2026-08-20
3219,BST_Insert,500,119133,295,2026-08-20
3220,RedBlackTree_Insert,500,188466,295,2026-08-20
3221,BST_Search,500,109033,0,2026-08-20
3222,RedBlackTree_Search,500,215933,0,2026-08-20
3223,BST_Insert,1000,182733,295,2026-08-20
3224,RedBlackTree_Insert,1000,137266,295,2026-08-20
3225,BST_Search,1000,195733,0,2026-08-20
3226,RedBlackTree_Search,1000,98700,0,2026-08-20
3227,BST_Insert,5000,785100,295,2026-08-20
3228,RedBlackTree_Insert,5000,1412333,295,2026-08-20
3229,BST_Search,5000,859900,0,2026-08-20
3230,RedBlackTree_Search,5000,545066,0,2026-08-20
3231,BST_Insert,10000,1374366,591,2026-08-20
3232,RedBlackTree_Insert,10000,1899866,591,2026-08-20
3233,BST_Search,10000,1858900,0,2026-08-20
3234,RedBlackTree_Search,10000,1352500,7,2026-08-20
3235,PriorityQueue_Enqueue,100,119600,286,2026-08-20
3236,PriorityQueue_Dequeue,100,211366,295,2026-08-20
3237,PriorityQueue_Enqueue,500,102900,295,2026-08-20
3238,PriorityQueue_Dequeue,500,301100,295,2026-08-20
3239,PriorityQueue_Enqueue,1000,150633,295,2026-08-20
3240,PriorityQueue_Dequeue,1000,322700,295,2026-08-20
3241,PriorityQueue_Enqueue,5000,187433,295,2026-08-20
3242,PriorityQueue_Dequeue,5000,955033,295,2026-08-20
3243,PriorityQueue_Enqueue,10000,340533,295,2026-08-20
3244,PriorityQueue_Dequeue,10000,2420300,295,2026-08-20
3245,PriorityQueue_Enqueue,20000,728366,591,2026-08-20
3246,PriorityQueue_Dequeue,20000,9886200,591,2026-08-20
3247,BFS_Traversal,117,327866,295,2026-08-20
3248,DFS_Traversal,117,337700,295,2026-08-20
3249,Dijkstra_SingleSource,117,392966,296,2026-08-20
3250,Prim_MST,117,364666,295,2026-08-20
3251,Kruskal_MST,117,486000,296,2026-08-20
3252,BFS_Connected,58,198166,295,2026-08-20
3253,DFS_CycleDetect,58,67800,295,2026-08-20
3254,MergeSort,100,101600,332,2026-08-20
3255,QuickSort,100,143133,332,2026-08-20
3256,InsertionSort,100,685300,332,2026-08-20
3257,SelectionSort,100,240966,332,2026-08-20
3258,MergeSort,500,125433,334,2026-08-20
3259,QuickSort,500,138266,334,2026-08-20
3260,InsertionSort,500,487133,334,2026-08-20
3261,SelectionSort,500,323900,334,2026-08-20
3262,MergeSort,1000,261366,336,2026-08-20
3263,QuickSort,1000,357000,336,2026-08-20
3264,InsertionSort,1000,331766,336,2026-08-20
3265,SelectionSort,1000,1440533,336,2026-08-20
3266,MergeSort,5000,1259500,684,2026-08-20
3267,QuickSort,5000,801833,351,2026-08-20
3268,InsertionSort,5000,5530733,351,2026-08-20
3269,SelectionSort,5000,48341800,351,2026-08-20
3270,MergeSort,10000,5059933,1042,2026-08-20
3271,QuickSort,10000,1520133,371,2026-08-20
3272,InsertionSort,10000,27741166,376,2026-08-20
3273,SelectionSort,10000,132917633,371,2026-08-20
3274,LinearSearch,100,28500,0,2026-08-20
3275,BinarySearch,100,59966,0,2026-08-20
3276,LinearSearch,500,44000,0,2026-08-20
3277,BinarySearch,500,23733,0,2026-08-20
3278,LinearSearch,1000,35033,0,2026-08-20
3279,BinarySearch,1000,19533,0,2026-08-20
3280,LinearSearch,5000,143233,0,2026-08-20
3281,BinarySearch,5000,25033,0,2026-08-20
3282,LinearSearch,10000,34266,0,2026-08-20
3283,BinarySearch,10000,17866,0,2026-08-20
3284,HashTable_Insert,100,313100,332,2026-08-20
3285,HashTable_Search,100,1060333,0,2026-08-20
3286,HashTable_Insert,500,545866,332,2026-08-20
3287,HashTable_Search,500,120133,332,2026-08-20
3288,HashTable_Insert,1000,759566,332,2026-08-20
3289,HashTable_Search,1000,433900,221,2026-08-20
3290,HashTable_Insert,5000,439200,664,2026-08-20
3291,HashTable_Search,5000,489866,0,2026-08-20
3292,HashTable_Insert,10000,1448166,997,2026-08-20
3293,HashTable_Search,10000,251466,0,2026-08-20
3294,HashTable_Insert,20000,1685533,1715,2026-08-20
3295,HashTable_Search,20000,670133,0,2026-08-20
3296,BST_Insert,100,1091000,332,2026-08-20
3297,RedBlackTree_Insert,100,1504933,332,2026-08-20
3298,BST_Search,100,213566,0,2026-08-20
3299,RedBlackTree_Search,100,103033,0,2026-08-20
3300,BST_Insert,500,206500,332,2026-08-20
3301,RedBlackTree_Insert,500,195566,332,2026-08-20
3302,BST_Search,500,203833,0,2026-08-20
3303,RedBlackTree_Search,500,466633,0,2026-08-20
3304,BST_Insert,1000,385066,332,2026-08-20
3305,RedBlackTree_Insert,1000,554066,332,2026-08-20
3306,BST_Search,1000,553333,0,2026-08-20
3307,RedBlackTree_Search,1000,257633,0,2026-08-20
3308,BST_Insert,5000,2889266,332,2026-08-20
3309,RedBlackTree_Insert,5000,1113033,332,2026-08-20
3310,BST_Search,5000,1475266,0,2026-08-20
3311,RedBlackTree_Search,5000,895366,0,2026-08-20
3312,BST_Insert,10000,4102233,332,2026-08-20
3313,RedBlackTree_Insert,10000,5517933,664,2026-08-20
3314,BST_Search,10000,10107566,0,2026-08-20
3315,RedBlackTree_Search,10000,3935733,0,2026-08-20
3316,PriorityQueue_Enqueue,100,468266,322,2026-08-20
3317,PriorityQueue_Dequeue,100,293233,332,2026-08-20
3318,PriorityQueue_Enqueue,500,229966,332,2026-08-20
3319,PriorityQueue_Dequeue,500,461033,332,2026-08-20
3320,PriorityQueue_Enqueue,1000,304500,332,2026-08-20
3321,PriorityQueue_Dequeue,1000,593266,332,2026-08-20
3322,PriorityQueue_Enqueue,5000,784433,332,2026-08-20
3323,PriorityQueue_Dequeue,5000,3691533,332,2026-08-20
3324,PriorityQueue_Enqueue,10000,604500,332,2026-08-20
3325,PriorityQueue_Dequeue,10000,7192600,332,2026-08-20
3326,PriorityQueue_Enqueue,20000,3335400,664,2026-08-20
3327,PriorityQueue_Dequeue,20000,28229300,664,2026-08-20
3328,BFS_Traversal,117,2411366,332,2026-08-20
3329,DFS_Traversal,117,475866,332,2026-08-20
3330,Dijkstra_SingleSource,117,1132633,332,2026-08-20
3331,Prim_MST,117,484166,332,2026-08-20
3332,Kruskal_MST,117,582200,333,2026-08-20
3333,BFS_Connected,58,238833,332,2026-08-20
3334,DFS_CycleDetect,58,88400,332,2026-08-20
3335,MergeSort,100,487266,332,2026-08-20
3336,QuickSort,100,161700,332,2026-08-20
3337,InsertionSort,100,101700,332,2026-08-20
3338,SelectionSort,100,44900,332,2026-08-20
3339,MergeSort,500,127333,334,2026-08-20
3340,QuickSort,500,367133,334,2026-08-20
3341,InsertionSort,500,104533,334,2026-08-20
3342,SelectionSort,500,259933,334,2026-08-20
3343,MergeSort,1000,268233,336,2026-08-20
3344,QuickSort,1000,252733,336,2026-08-20
3345,InsertionSort,1000,276366,336,2026-08-20
3346,SelectionSort,1000,786366,336,2026-08-20
3347,MergeSort,5000,1243700,684,2026-08-20
3348,QuickSort,5000,679666,351,2026-08-20
3349,InsertionSort,5000,7457500,351,2026-08-20
3350,SelectionSort,5000,22655633,351,2026-08-20
3351,MergeSort,10000,7488166,1042,2026-08-20
3352,QuickSort,10000,1680400,371,2026-08-20
3353,InsertionSort,10000,23855866,371,2026-08-20
3354,SelectionSort,10000,98102100,371,2026-08-20
3355,LinearSearch,100,11333,0,2026-08-20
3356,BinarySearch,100,18100,0,2026-08-20
3357,LinearSearch,500,27700,0,2026-08-20
3358,BinarySearch,500,19166,0,2026-08-20
3359,LinearSearch,1000,16100,0,2026-08-20
3360,BinarySearch,1000,25100,0,2026-08-20
3361,LinearSearch,5000,18066,5,2026-08-20
3362,BinarySearch,5000,12766,0,2026-08-20
3363,LinearSearch,10000,129666,0,2026-08-20
3364,BinarySearch,10000,17533,0,2026-08-20
3365,HashTable_Insert,100,58900,332,2026-08-20
3366,HashTable_Search,100,31200,0,2026-08-20
3367,HashTable_Insert,500,72533,332,2026-08-20
3368,HashTable_Search,500,24966,0,2026-08-20
3369,HashTable_Insert,1000,101533,332,2026-08-20
3370,HashTable_Search,1000,29000,0,2026-08-20
3371,HashTable_Insert,5000,405100,664,2026-08-20
3372,HashTable_Search,5000,144366,0,2026-08-20
3373,HashTable_Insert,10000,821600,997,2026-08-20
3374,HashTable_Search,10000,174433,0,2026-08-20
3375,HashTable_Insert,20000,1397366,1715,2026-08-20
3376,HashTable_Search,20000,489766,0,2026-08-20
3377,BST_Insert,100,82866,332,2026-08-20
3378,RedBlackTree_Insert,100,57600,332,2026-08-20
3379,BST_Search,100,25800,0,2026-08-20
3380,RedBlackTree_Search,100,17300,0,2026-08-20
3381,BST_Insert,500,103666,332,2026-08-20
3382,RedBlackTree_Insert,500,106733,332,2026-08-20
3383,BST_Search,500,132133,0,2026-08-20
3384,RedBlackTree_Search,500,409233,0,2026-08-20
3385,BST_Insert,1000,410200,332,2026-08-20
3386,RedBlackTree_Insert,1000,215933,332,2026-08-20
3387,BST_Search,1000,310666,0,2026-08-20
3388,RedBlackTree_Search,1000,133033,0,2026-08-20
3389,BST_Insert,5000,1336333,332,2026-08-20
3390,RedBlackTree_Insert,5000,1483233,332,2026-08-20
3391,BST_Search,5000,1624966,0,2026-08-20
3392,RedBlackTree_Search,5000,929833,0,2026-08-20
3393,BST_Insert,10000,7483233,332,2026-08-20
3394,RedBlackTree_Insert,10000,10264633,664,2026-08-20
3395,BST_Search,10000,8720433,0,2026-08-20
3396,RedBlackTree_Search,10000,5092733,0,2026-08-20
3397,PriorityQueue_Enqueue,100,53333,322,2026-08-20
3398,PriorityQueue_Dequeue,100,66233,332,2026-08-20
3399,PriorityQueue_Enqueue,500,58533,332,2026-08-20
3400,PriorityQueue_Dequeue,500,149233,332,2026-08-20
3401,PriorityQueue_Enqueue,1000,126766,332,2026-08-20
3402,PriorityQueue_Dequeue,1000,327733,332,2026-08-20
3403,PriorityQueue_Enqueue,5000,259333,332,2026-08-20
3404,PriorityQueue_Dequeue,5000,1915366,332,2026-08-20
3405,PriorityQueue_Enqueue,10000,549566,332,2026-08-20
3406,PriorityQueue_Dequeue,10000,4560200,332,2026-08-20
3407,PriorityQueue_Enqueue,20000,1098233,664,2026-08-20
3408,PriorityQueue_Dequeue,20000,20761233,664,2026-08-20
3409,BFS_Traversal,117,278933,332,2026-08-20
3410,DFS_Traversal,117,448033,332,2026-08-20
3411,Dijkstra_SingleSource,117,312733,332,2026-08-20
3412,Prim_MST,117,335933,332,2026-08-20
3413,Kruskal_MST,117,274666,333,2026-08-20
3414,BFS_Connected,58,218500,332,2026-08-20
3415,DFS_CycleDetect,58,131100,332,2026-08-20
3416,MergeSort,100,59433,337,2026-08-20
3417,QuickSort,100,49500,332,2026-08-20
3418,InsertionSort,100,40000,332,2026-08-20
3419,SelectionSort,100,49866,332,2026-08-20
3420,MergeSort,500,152533,334,2026-08-20
3421,QuickSort,500,108866,334,2026-08-20
3422,InsertionSort,500,101700,334,2026-08-20
3423,SelectionSort,500,289933,334,2026-08-20
3424,MergeSort,1000,305400,336,2026-08-20
3425,QuickSort,1000,287566,336,2026-08-20
3426,InsertionSort,1000,479000,336,2026-08-20
3427,SelectionSort,1000,1352000,336,2026-08-20
3428,MergeSort,5000,1289400,684,2026-08-20
3429,QuickSort,5000,890466,351,2026-08-20
3430,InsertionSort,5000,7452333,351,2026-08-20
3431,SelectionSort,5000,27445300,351,2026-08-20
3432,MergeSort,10000,3580133,1042,2026-08-20
3433,QuickSort,10000,1219533,371,2026-08-20
3434,InsertionSort,10000,21565833,371,2026-08-20
3435,SelectionSort,10000,102237666,371,2026-08-20
3436,LinearSearch,100,18233,0,2026-08-20
3437,BinarySearch,100,20666,0,2026-08-20
3438,LinearSearch,500,16333,0,2026-08-20
3439,BinarySearch,500,12133,0,2026-08-20
3440,LinearSearch,1000,10066,0,2026-08-20
3441,BinarySearch,1000,15233,0,2026-08-20
3442,LinearSearch,5000,31366,0,2026-08-20
3443,BinarySearch,5000,18733,0,2026-08-20
3444,LinearSearch,10000,15900,0,2026-08-20
3445,BinarySearch,10000,16900,0,2026-08-20
3446,HashTable_Insert,100,40333,332,2026-08-20
3447,HashTable_Search,100,21966,0,2026-08-20
3448,HashTable_Insert,500,66300,332,2026-08-20
3449,HashTable_Search,500,30866,0,2026-08-20
3450,HashTable_Insert,1000,106233,332,2026-08-20
3451,HashTable_Search,1000,34433,0,2026-08-20
3452,HashTable_Insert,5000,368633,664,2026-08-20
3453,HashTable_Search,5000,163666,0,2026-08-20
3454,HashTable_Insert,10000,656933,997,2026-08-20
3455,HashTable_Search,10000,203666,0,2026-08-20
3456,HashTable_Insert,20000,1522866,1715,2026-08-20
3457,HashTable_Search,20000,432933,0,2026-08-20
3458,BST_Insert,100,42500,332,2026-08-20
3459,RedBlackTree_Insert,100,83500,332,2026-08-20
3460,BST_Search,100,28733,0,2026-08-20
3461,RedBlackTree_Search,100,22100,0,2026-08-20
3462,BST_Insert,500,110000,332,2026-08-20
3463,RedBlackTree_Insert,500,205733,332,2026-08-20
3464,BST_Search,500,98733,0,2026-08-20
3465,RedBlackTree_Search,500,238300,0,2026-08-20
3466,BST_Insert,1000,176833,332,2026-08-20
3467,RedBlackTree_Insert,1000,352400,332,2026-08-20
3468,BST_Search,1000,220100,0,2026-08-20
3469,RedBlackTree_Search,1000,131600,0,2026-08-20
3470,BST_Insert,5000,3326800,337,2026-08-20
3471,RedBlackTree_Insert,5000,1859500,332,2026-08-20
3472,BST_Search,5000,1671733,0,2026-08-20
3473,RedBlackTree_Search,5000,1083866,0,2026-08-20
3474,BST_Insert,10000,10071633,332,2026-08-20
3475,RedBlackTree_Insert,10000,4173033,664,2026-08-20
3476,BST_Search,10000,6433833,0,2026-08-20
3477,RedBlackTree_Search,10000,3038733,0,2026-08-20
3478,PriorityQueue_Enqueue,100,41833,322,2026-08-20
3479,PriorityQueue_Dequeue,100,62100,332,2026-08-20
3480,PriorityQueue_Enqueue,500,52400,332,2026-08-20
3481,PriorityQueue_Dequeue,500,149366,332,2026-08-20
3482,PriorityQueue_Enqueue,1000,83566,332,2026-08-20
3483,PriorityQueue_Dequeue,1000,405700,332,2026-08-20
3484,PriorityQueue_Enqueue,5000,312700,332,2026-08-20
3485,PriorityQueue_Dequeue,5000,3042200,332,2026-08-20
3486,PriorityQueue_Enqueue,10000,595966,332,2026-08-20
3487,PriorityQueue_Dequeue,10000,5257266,332,2026-08-20
3488,PriorityQueue_Enqueue,20000,1130700,664,2026-08-20
3489,PriorityQueue_Dequeue,20000,13130633,664,2026-08-20
3490,BFS_Traversal,117,260466,332,2026-08-20
3491,DFS_Traversal,117,285500,332,2026-08-20
3492,Dijkstra_SingleSource,117,251000,332,2026-08-20
3493,Prim_MST,117,347966,332,2026-08-20
3494,Kruskal_MST,117,267600,333,2026-08-20
3495,BFS_Connected,58,356766,332,2026-08-20
3496,DFS_CycleDetect,58,94800,332,2026-08-20
3497,MergeSort,100,91833,363,2026-08-20
3498,QuickSort,100,36433,363,2026-08-20
3499,InsertionSort,100,21033,363,2026-08-20
3500,SelectionSort,100,32000,363,2026-08-20
3501,MergeSort,500,72066,364,2026-08-20
3502,QuickSort,500,110100,364,2026-08-20
3503,InsertionSort,500,101833,364,2026-08-20
3504,SelectionSort,500,167133,364,2026-08-20
3505,MergeSort,1000,121433,366,2026-08-20
3506,QuickSort,1000,102033,366,2026-08-20
3507,InsertionSort,1000,191500,366,2026-08-20
3508,SelectionSort,1000,452466,366,2026-08-20
3509,MergeSort,5000,624433,746,2026-08-20
3510,QuickSort,5000,500533,382,2026-08-20
3511,InsertionSort,5000,2850866,382,2026-08-20
3512,SelectionSort,5000,11768500,382,2026-08-20
3513,MergeSort,10000,1931266,1127,2026-08-20
3514,QuickSort,10000,987266,402,2026-08-20
3515,InsertionSort,10000,13631200,402,2026-08-20
3516,SelectionSort,10000,49076500,405,2026-08-20
3517,LinearSearch,100,10166,0,2026-08-20
3518,BinarySearch,100,16733,0,2026-08-20
3519,LinearSearch,500,24200,0,2026-08-20
3520,BinarySearch,500,38200,0,2026-08-20
3521,LinearSearch,1000,62333,0,2026-08-20
3522,BinarySearch,1000,26200,0,2026-08-20
3523,LinearSearch,5000,73066,0,2026-08-20
3524,BinarySearch,5000,16333,0,2026-08-20
3525,LinearSearch,10000,20733,0,2026-08-20
3526,BinarySearch,10000,8533,0,2026-08-20
3527,HashTable_Insert,100,168500,362,2026-08-20
3528,HashTable_Search,100,128000,0,2026-08-20
3529,HashTable_Insert,500,266533,362,2026-08-20
3530,HashTable_Search,500,126966,362,2026-08-20
3531,HashTable_Insert,1000,470233,362,2026-08-20
3532,HashTable_Search,1000,145666,241,2026-08-20
3533,HashTable_Insert,5000,471333,725,2026-08-20
3534,HashTable_Search,5000,90333,0,2026-08-20
3535,HashTable_Insert,10000,671333,1055,2026-08-20
3536,HashTable_Search,10000,418166,0,2026-08-20
3537,HashTable_Insert,20000,1196066,1863,2026-08-20
3538,HashTable_Search,20000,387233,0,2026-08-20
3539,BST_Insert,100,249200,362,2026-08-20
3540,RedBlackTree_Insert,100,180233,362,2026-08-20
3541,BST_Search,100,211033,0,2026-08-20
3542,RedBlackTree_Search,100,80100,0,2026-08-20
3543,BST_Insert,500,211233,362,2026-08-20
3544,RedBlackTree_Insert,500,240366,362,2026-08-20
3545,BST_Search,500,168666,0,2026-08-20
3546,RedBlackTree_Search,500,274533,0,2026-08-20
3547,BST_Insert,1000,201433,362,2026-08-20
3548,RedBlackTree_Insert,1000,251466,362,2026-08-20
3549,BST_Search,1000,274933,0,2026-08-20
3550,RedBlackTree_Search,1000,204033,0,2026-08-20
3551,BST_Insert,5000,889666,362,2026-08-20
3552,RedBlackTree_Insert,5000,990133,362,2026-08-20
3553,BST_Search,5000,1347833,0,2026-08-20
3554,RedBlackTree_Search,5000,1562133,0,2026-08-20
3555,BST_Insert,10000,2283600,351,2026-08-20
3556,RedBlackTree_Insert,10000,2544200,725,2026-08-20
3557,BST_Search,10000,3537933,0,2026-08-20
3558,RedBlackTree_Search,10000,2321133,0,2026-08-20
3559,PriorityQueue_Enqueue,100,258000,351,2026-08-20
3560,PriorityQueue_Dequeue,100,217433,362,2026-08-20
3561,PriorityQueue_Enqueue,500,714300,362,2026-08-20
3562,PriorityQueue_Dequeue,500,443766,362,2026-08-20
3563,PriorityQueue_Enqueue,1000,350700,362,2026-08-20
3564,PriorityQueue_Dequeue,1000,5663600,362,2026-08-20
3565,PriorityQueue_Enqueue,5000,314966,362,2026-08-20
3566,PriorityQueue_Dequeue,5000,2286533,362,2026-08-20
3567,PriorityQueue_Enqueue,10000,620566,362,2026-08-20
3568,PriorityQueue_Dequeue,10000,10447400,362,2026-08-20
3569,PriorityQueue_Enqueue,20000,1614333,725,2026-08-20
3570,PriorityQueue_Dequeue,20000,19799900,725,2026-08-20
3571,BFS_Traversal,117,717566,363,2026-08-20
3572,DFS_Traversal,117,983400,363,2026-08-20
3573,Dijkstra_SingleSource,117,1107366,363,2026-08-20
3574,Prim_MST,117,412033,363,2026-08-20
3575,Kruskal_MST,117,714433,363,2026-08-20
3576,BFS_Connected,58,385766,363,2026-08-20
3577,DFS_CycleDetect,58,99300,363,2026-08-20
3578,MergeSort,100,191100,363,2026-08-20
3579,QuickSort,100,36166,363,2026-08-20
3580,InsertionSort,100,30800,363,2026-08-20
3581,SelectionSort,100,35733,363,2026-08-20
3582,MergeSort,500,113333,364,2026-08-20
3583,QuickSort,500,59433,364,2026-08-20
3584,InsertionSort,500,114266,364,2026-08-20
3585,SelectionSort,500,243766,368,2026-08-20
3586,MergeSort,1000,265200,366,2026-08-20
3587,QuickSort,1000,159866,366,2026-08-20
3588,InsertionSort,1000,234766,366,2026-08-20
3589,SelectionSort,1000,806033,366,2026-08-20
3590,MergeSort,5000,1343666,746,2026-08-20
3591,QuickSort,5000,686000,382,2026-08-20
3592,InsertionSort,5000,5173566,382,2026-08-20
3593,SelectionSort,5000,16609233,382,2026-08-20
3594,MergeSort,10000,2130300,1127,2026-08-20
3595,QuickSort,10000,1284666,402,2026-08-20
3596,InsertionSort,10000,22432000,402,2026-08-20
3597,SelectionSort,10000,65906833,402,2026-08-20
3598,LinearSearch,100,10733,0,2026-08-20
3599,BinarySearch,100,28666,0,2026-08-20
3600,LinearSearch,500,14966,0,2026-08-20
3601,BinarySearch,500,10233,0,2026-08-20
3602,LinearSearch,1000,21100,0,2026-08-20
3603,BinarySearch,1000,9400,0,2026-08-20
3604,LinearSearch,5000,12300,0,2026-08-20
3605,BinarySearch,5000,11433,0,2026-08-20
3606,LinearSearch,10000,32033,0,2026-08-20
3607,BinarySearch,10000,14433,0,2026-08-20
3608,HashTable_Insert,100,156766,362,2026-08-20
3609,HashTable_Search,100,128033,0,2026-08-20
3610,HashTable_Insert,500,59266,362,2026-08-20
3611,HashTable_Search,500,39100,0,2026-08-20
3612,HashTable_Insert,1000,105733,362,2026-08-20
3613,HashTable_Search,1000,15666,0,2026-08-20
3614,HashTable_Insert,5000,293833,725,2026-08-20
3615,HashTable_Search,5000,206466,0,2026-08-20
3616,HashTable_Insert,10000,781000,1088,2026-08-20
3617,HashTable_Search,10000,181433,0,2026-08-20
3618,HashTable_Insert,20000,1209266,1863,2026-08-20
3619,HashTable_Search,20000,326100,0,2026-08-20
3620,BST_Insert,100,79633,362,2026-08-20
3621,RedBlackTree_Insert,100,77300,362,2026-08-20
3622,BST_Search,100,21666,0,2026-08-20
3623,RedBlackTree_Search,100,20100,0,2026-08-20
3624,BST_Insert,500,108933,362,2026-08-20
3625,RedBlackTree_Insert,500,159233,362,2026-08-20
3626,BST_Search,500,166233,0,2026-08-20
3627,RedBlackTree_Search,500,48900,0,2026-08-20
3628,BST_Insert,1000,145600,362,2026-08-20
3629,RedBlackTree_Insert,1000,149300,362,2026-08-20
3630,BST_Search,1000,186600,0,2026-08-20
3631,RedBlackTree_Search,1000,156133,0,2026-08-20
3632,BST_Insert,5000,1084700,362,2026-08-20
3633,RedBlackTree_Insert,5000,1167766,362,2026-08-20
3634,BST_Search,5000,1210033,0,2026-08-20
3635,RedBlackTree_Search,5000,1441166,0,2026-08-20
3636,BST_Insert,10000,6169366,362,2026-08-20
3637,RedBlackTree_Insert,10000,3065900,725,2026-08-20
3638,BST_Search,10000,3940400,0,2026-08-20
3639,RedBlackTree_Search,10000,1817800,0,2026-08-20
3640,PriorityQueue_Enqueue,100,34933,351,2026-08-20
3641,PriorityQueue_Dequeue,100,53566,362,2026-08-20
3642,PriorityQueue_Enqueue,500,101433,362,2026-08-20
3643,PriorityQueue_Dequeue,500,133000,362,2026-08-20
3644,PriorityQueue_Enqueue,1000,118400,362,2026-08-20
3645,PriorityQueue_Dequeue,1000,561200,362,2026-08-20
3646,PriorityQueue_Enqueue,5000,356133,362,2026-08-20
3647,PriorityQueue_Dequeue,5000,1708766,362,2026-08-20
3648,PriorityQueue_Enqueue,10000,412766,362,2026-08-20
3649,PriorityQueue_Dequeue,10000,3966200,362,2026-08-20
3650,PriorityQueue_Enqueue,20000,2310300,729,2026-08-20
3651,PriorityQueue_Dequeue,20000,12732233,725,2026-08-20
3652,BFS_Traversal,117,516166,363,2026-08-20
3653,DFS_Traversal,117,510166,363,2026-08-20
3654,Dijkstra_SingleSource,117,249200,363,2026-08-20
3655,Prim_MST,117,273900,363,2026-08-20
3656,Kruskal_MST,117,214300,363,2026-08-20
3657,BFS_Connected,58,255533,363,2026-08-20
3658,DFS_CycleDetect,58,110333,363,2026-08-20
3659,MergeSort,100,140466,363,2026-08-20
3660,QuickSort,100,40066,363,2026-08-20
3661,InsertionSort,100,34433,363,2026-08-20
3662,SelectionSort,100,54933,363,2026-08-20
3663,MergeSort,500,123000,364,2026-08-20
3664,QuickSort,500,107233,364,2026-08-20
3665,InsertionSort,500,70833,364,2026-08-20
3666,SelectionSort,500,163600,364,2026-08-20
3667,MergeSort,1000,177500,366,2026-08-20
3668,QuickSort,1000,138966,366,2026-08-20
3669,InsertionSort,1000,302133,366,2026-08-20
3670,SelectionSort,1000,805333,366,2026-08-20
3671,MergeSort,5000,985766,746,2026-08-20
3672,QuickSort,5000,836900,382,2026-08-20
3673,InsertionSort,5000,6506300,382,2026-08-20
3674,SelectionSort,5000,14969033,382,2026-08-20
3675,MergeSort,10000,2133900,1127,2026-08-20
3676,QuickSort,10000,1362833,402,2026-08-20
3677,InsertionSort,10000,18047633,402,2026-08-20
3678,SelectionSort,10000,84447000,402,2026-08-20
3679,LinearSearch,100,10333,0,2026-08-20
3680,BinarySearch,100,8833,0,2026-08-20
3681,LinearSearch,500,22466,0,2026-08-20
3682,BinarySearch,500,11700,0,2026-08-20
3683,LinearSearch,1000,13033,0,2026-08-20
3684,BinarySearch,1000,11166,0,2026-08-20
3685,LinearSearch,5000,19766,0,2026-08-20
3686,BinarySearch,5000,11833,0,2026-08-20
3687,LinearSearch,10000,37400,0,2026-08-20
3688,BinarySearch,10000,17333,0,2026-08-20
3689,HashTable_Insert,100,33200,362,2026-08-20
3690,HashTable_Search,100,13533,0,2026-08-20
3691,HashTable_Insert,500,33066,362,2026-08-20
3692,HashTable_Search,500,16233,0,2026-08-20
3693,HashTable_Insert,1000,74166,362,2026-08-20
3694,HashTable_Search,1000,15033,0,2026-08-20
3695,HashTable_Insert,5000,265433,725,2026-08-20
3696,HashTable_Search,5000,86900,0,2026-08-20
3697,HashTable_Insert,10000,471166,1088,2026-08-20
3698,HashTable_Search,10000,94200,0,2026-08-20
3699,HashTable_Insert,20000,1063233,1863,2026-08-20
3700,HashTable_Search,20000,325266,0,2026-08-20
3701,BST_Insert,100,38800,362,2026-08-20
3702,RedBlackTree_Insert,100,32966,362,2026-08-20
3703,BST_Search,100,21266,0,2026-08-20
3704,RedBlackTree_Search,100,18100,0,2026-08-20
3705,BST_Insert,500,734833,362,2026-08-20
3706,RedBlackTree_Insert,500,82200,362,2026-08-20
3707,BST_Search,500,136400,0,2026-08-20
3708,RedBlackTree_Search,500,53400,0,2026-08-20
3709,BST_Insert,1000,153466,362,2026-08-20
3710,RedBlackTree_Insert,1000,175033,362,2026-08-20
3711,BST_Search,1000,146400,0,2026-08-20
3712,RedBlackTree_Search,1000,186366,0,2026-08-20
3713,BST_Insert,5000,983866,362,2026-08-20
3714,RedBlackTree_Insert,5000,1071866,362,2026-08-20
3715,BST_Search,5000,1135200,0,2026-08-20
3716,RedBlackTree_Search,5000,826133,0,2026-08-20
3717,BST_Insert,10000,2629166,362,2026-08-20
3718,RedBlackTree_Insert,10000,2102300,725,2026-08-20
3719,BST_Search,10000,2869900,3,2026-08-20
3720,RedBlackTree_Search,10000,2215733,0,2026-08-20
3721,PriorityQueue_Enqueue,100,45733,351,2026-08-20
3722,PriorityQueue_Dequeue,100,89766,362,2026-08-20
3723,PriorityQueue_Enqueue,500,56800,362,2026-08-20
3724,PriorityQueue_Dequeue,500,141900,362,2026-08-20
3725,PriorityQueue_Enqueue,1000,70666,362,2026-08-20
3726,PriorityQueue_Dequeue,1000,352666,362,2026-08-20
3727,PriorityQueue_Enqueue,5000,231700,362,2026-08-20
3728,PriorityQueue_Dequeue,5000,1379366,362,2026-08-20
3729,PriorityQueue_Enqueue,10000,370000,362,2026-08-20
3730,PriorityQueue_Dequeue,10000,3675200,362,2026-08-20
3731,PriorityQueue_Enqueue,20000,988633,725,2026-08-20
3732,PriorityQueue_Dequeue,20000,6457666,725,2026-08-20
3733,BFS_Traversal,117,169566,363,2026-08-20
3734,DFS_Traversal,117,349166,363,2026-08-20
3735,Dijkstra_SingleSource,117,320900,363,2026-08-20
3736,Prim_MST,117,284666,363,2026-08-20
3737,Kruskal_MST,117,284766,363,2026-08-20
3738,BFS_Connected,58,436800,363,2026-08-20
3739,DFS_CycleDetect,58,88966,363,2026-08-20
3740,MergeSort,100,92966,363,2026-08-20
3741,QuickSort,100,39400,363,2026-08-20
3742,InsertionSort,100,28833,363,2026-08-20
3743,SelectionSort,100,45233,363,2026-08-20
3744,MergeSort,500,130533,364,2026-08-20
3745,QuickSort,500,331533,364,2026-08-20
3746,InsertionSort,500,77566,364,2026-08-20
3747,SelectionSort,500,177300,364,2026-08-20
3748,MergeSort,1000,294200,366,2026-08-20
3749,QuickSort,1000,163500,366,2026-08-20
3750,InsertionSort,1000,265700,366,2026-08-20
3751,SelectionSort,1000,1191833,366,2026-08-20
3752,MergeSort,5000,1190133,746,2026-08-20
3753,QuickSort,5000,1181466,382,2026-08-20
3754,InsertionSort,5000,6196233,382,2026-08-20
3755,SelectionSort,5000,18282266,382,2026-08-20
3756,MergeSort,10000,2061233,1127,2026-08-20
3757,QuickSort,10000,1229000,402,2026-08-20
3758,InsertionSort,10000,37902033,402,2026-08-20
3759,SelectionSort,10000,67075033,402,2026-08-20
3760,LinearSearch,100,8000,0,2026-08-20
3761,BinarySearch,100,10266,0,2026-08-20
3762,LinearSearch,500,7866,0,2026-08-20
3763,BinarySearch,500,135366,0,2026-08-20
3764,LinearSearch,1000,8366,0,2026-08-20
3765,BinarySearch,1000,8500,0,2026-08-20
3766,LinearSearch,5000,8400,0,2026-08-20
3767,BinarySearch,5000,10000,0,2026-08-20
3768,LinearSearch,10000,12766,0,2026-08-20
3769,BinarySearch,10000,8700,0,2026-08-20
3770,HashTable_Insert,100,32833,362,2026-08-20
3771,HashTable_Search,100,16566,0,2026-08-20
3772,HashTable_Insert,500,34600,362,2026-08-20
3773,HashTable_Search,500,15733,0,2026-08-20
3774,HashTable_Insert,1000,145966,362,2026-08-20
3775,HashTable_Search,1000,18900,0,2026-08-20
3776,HashTable_Insert,5000,238766,725,2026-08-20
3777,HashTable_Search,5000,66633,0,2026-08-20
3778,HashTable_Insert,10000,465833,1088,2026-08-20
3779,HashTable_Search,10000,168033,0,2026-08-20
3780,HashTable_Insert,20000,1040666,1863,2026-08-20
3781,HashTable_Search,20000,277433,0,2026-08-20
3782,BST_Insert,100,25166,362,2026-08-20
3783,RedBlackTree_Insert,100,31266,362,2026-08-20
3784,BST_Search,100,17366,0,2026-08-20
3785,RedBlackTree_Search,100,13333,0,2026-08-20
3786,BST_Insert,500,100366,362,2026-08-20
3787,RedBlackTree_Insert,500,98933,362,2026-08-20
3788,BST_Search,500,93266,0,2026-08-20
3789,RedBlackTree_Search,500,79833,0,2026-08-20
3790,BST_Insert,1000,222500,362,2026-08-20
3791,RedBlackTree_Insert,1000,204066,362,2026-08-20
3792,BST_Search,1000,202600,0,2026-08-20
3793,RedBlackTree_Search,1000,89233,0,2026-08-20
3794,BST_Insert,5000,918400,362,2026-08-20
3795,RedBlackTree_Insert,5000,826733,362,2026-08-20
3796,BST_Search,5000,1002233,0,2026-08-20
3797,RedBlackTree_Search,5000,741300,0,2026-08-20
3798,BST_Insert,10000,2094466,362,2026-08-20
3799,RedBlackTree_Insert,10000,2614133,725,2026-08-20
3800,BST_Search,10000,2757866,0,2026-08-20
3801,RedBlackTree_Search,10000,1978200,0,2026-08-20
3802,PriorityQueue_Enqueue,100,23100,351,2026-08-20
3803,PriorityQueue_Dequeue,100,34500,362,2026-08-20
3804,PriorityQueue_Enqueue,500,51200,362,2026-08-20
3805,PriorityQueue_Dequeue,500,121800,362,2026-08-20
3806,PriorityQueue_Enqueue,1000,143900,362,2026-08-20
3807,PriorityQueue_Dequeue,1000,229266,362,2026-08-20
3808,PriorityQueue_Enqueue,5000,158000,362,2026-08-20
3809,PriorityQueue_Dequeue,5000,1292400,362,2026-08-20
3810,PriorityQueue_Enqueue,10000,407266,362,2026-08-20
3811,PriorityQueue_Dequeue,10000,3013766,362,2026-08-20
3812,PriorityQueue_Enqueue,20000,680466,725,2026-08-20
3813,PriorityQueue_Dequeue,20000,10511400,725,2026-08-20
3814,BFS_Traversal,117,189400,363,2026-08-20
3815,DFS_Traversal,117,188866,363,2026-08-20
3816,Dijkstra_SingleSource,117,186766,363,2026-08-20
3817,Prim_MST,117,323500,363,2026-08-20
3818,Kruskal_MST,117,259033,363,2026-08-20
3819,BFS_Connected,58,202966,363,2026-08-20
3820,DFS_CycleDetect,58,69966,363,2026-08-20
3821,MergeSort,100,71733,356,2026-08-20
3822,QuickSort,100,59000,154,2026-08-20
3823,InsertionSort,100,79833,133,2026-08-20
3824,SelectionSort,100,43733,154,2026-08-20
3825,MergeSort,500,122800,135,2026-08-20
3826,QuickSort,500,97266,135,2026-08-20
3827,InsertionSort,500,1096833,135,2026-08-20
3828,SelectionSort,500,227233,135,2026-08-20
3829,MergeSort,1000,268666,137,2026-08-20
3830,QuickSort,1000,228533,137,2026-08-20
3831,InsertionSort,1000,150233,137,2026-08-20
3832,SelectionSort,1000,445233,137,2026-08-20
3833,MergeSort,5000,1321433,553,2026-08-20
3834,QuickSort,5000,629900,152,2026-08-20
3835,InsertionSort,5000,3230300,152,2026-08-20
3836,SelectionSort,5000,9471900,152,2026-08-20
3837,MergeSort,10000,1673466,980,2026-08-20
3838,QuickSort,10000,894333,172,2026-08-20
3839,InsertionSort,10000,24019600,172,2026-08-20
3840,SelectionSort,10000,43113133,172,2026-08-20
3841,LinearSearch,100,19766,0,2026-08-20
3842,BinarySearch,100,15233,0,2026-08-20
3843,LinearSearch,500,15700,0,2026-08-20
3844,BinarySearch,500,9933,0,2026-08-20
3845,LinearSearch,1000,42000,0,2026-08-20
3846,BinarySearch,1000,7933,0,2026-08-20
3847,LinearSearch,5000,95266,18,2026-08-20
3848,BinarySearch,5000,10033,0,2026-08-20
3849,LinearSearch,10000,652633,0,2026-08-20
3850,BinarySearch,10000,8566,0,2026-08-20
3851,HashTable_Insert,100,220433,153,2026-08-20
3852,HashTable_Search,100,84433,0,2026-08-20
3853,HashTable_Insert,500,331966,133,2026-08-20
3854,HashTable_Search,500,152266,133,2026-08-20
3855,HashTable_Insert,1000,421333,133,2026-08-20
3856,HashTable_Search,1000,250833,133,2026-08-20
3857,HashTable_Insert,5000,1761566,399,2026-08-20
3858,HashTable_Search,5000,708933,133,2026-08-20
3859,HashTable_Insert,10000,7651666,799,2026-08-20
3860,HashTable_Search,10000,1843933,266,2026-08-20
3861,HashTable_Insert,20000,2299033,1700,2026-08-20
3862,HashTable_Search,20000,2321800,375,2026-08-20
3863,BST_Insert,100,87333,129,2026-08-20
3864,RedBlackTree_Insert,100,141233,133,2026-08-20
3865,BST_Search,100,135533,20,2026-08-20
3866,RedBlackTree_Search,100,82966,0,2026-08-20
3867,BST_Insert,500,194433,133,2026-08-20
3868,RedBlackTree_Insert,500,250066,133,2026-08-20
3869,BST_Search,500,174400,0,2026-08-20
3870,RedBlackTree_Search,500,116600,0,2026-08-20
3871,BST_Insert,1000,609766,133,2026-08-20
3872,RedBlackTree_Insert,1000,471366,133,2026-08-20
3873,BST_Search,1000,472633,0,2026-08-20
3874,RedBlackTree_Search,1000,220533,0,2026-08-20
3875,BST_Insert,5000,1109766,266,2026-08-20
3876,RedBlackTree_Insert,5000,1042900,266,2026-08-20
3877,BST_Search,5000,1303600,0,2026-08-20
3878,RedBlackTree_Search,5000,1052166,0,2026-08-20
3879,BST_Insert,10000,1828900,399,2026-08-20
3880,RedBlackTree_Insert,10000,2588766,399,2026-08-20
3881,BST_Search,10000,3083166,0,2026-08-20
3882,RedBlackTree_Search,10000,2402233,0,2026-08-20
3883,PriorityQueue_Enqueue,100,127400,153,2026-08-20
3884,PriorityQueue_Dequeue,100,303166,153,2026-08-20
3885,PriorityQueue_Enqueue,500,142500,133,2026-08-20
3886,PriorityQueue_Dequeue,500,252700,133,2026-08-20
3887,PriorityQueue_Enqueue,1000,200500,133,2026-08-20
3888,PriorityQueue_Dequeue,1000,392266,133,2026-08-20
3889,PriorityQueue_Enqueue,5000,403533,266,2026-08-20
3890,PriorityQueue_Dequeue,5000,7658900,266,2026-08-20
3891,PriorityQueue_Enqueue,10000,913433,399,2026-08-20
3892,PriorityQueue_Dequeue,10000,2847066,399,2026-08-20
3893,PriorityQueue_Enqueue,20000,1435700,666,2026-08-20
3894,PriorityQueue_Dequeue,20000,8764166,666,2026-08-20
3895,BFS_Traversal,117,158900,154,2026-08-20
3896,DFS_Traversal,117,233633,154,2026-08-20
3897,Dijkstra_SingleSource,117,201566,154,2026-08-20
3898,Prim_MST,117,1107433,154,2026-08-20
3899,Kruskal_MST,117,269566,154,2026-08-20
3900,BFS_Connected,58,182533,174,2026-08-20
3901,DFS_CycleDetect,58,77133,154,2026-08-20
3902,MergeSort,100,42600,234,2026-08-20
3903,QuickSort,100,93566,220,2026-08-20
3904,InsertionSort,100,110233,212,2026-08-20
3905,SelectionSort,100,148066,212,2026-08-20
3906,MergeSort,500,105500,214,2026-08-20
3907,QuickSort,500,86333,214,2026-08-20
3908,InsertionSort,500,294066,214,2026-08-20
3909,SelectionSort,500,800700,214,2026-08-20
3910,MergeSort,1000,172433,216,2026-08-20
3911,QuickSort,1000,101566,216,2026-08-20
3912,InsertionSort,1000,172200,216,2026-08-20
3913,SelectionSort,1000,647933,216,2026-08-20
3914,MergeSort,5000,787633,471,2026-08-20
3915,QuickSort,5000,523366,232,2026-08-20
3916,InsertionSort,5000,3951066,232,2026-08-20
3917,SelectionSort,5000,11579966,232,2026-08-20
3918,MergeSort,10000,1532266,1102,2026-08-20
3919,QuickSort,10000,902566,251,2026-08-20
3920,InsertionSort,10000,14812933,251,2026-08-20
3921,SelectionSort,10000,126673266,251,2026-08-20
3922,LinearSearch,100,13866,0,2026-08-20
3923,BinarySearch,100,20766,0,2026-08-20
3924,LinearSearch,500,14166,0,2026-08-20
3925,BinarySearch,500,11800,0,2026-08-20
3926,LinearSearch,1000,20566,0,2026-08-20
3927,BinarySearch,1000,18833,0,2026-08-20
3928,LinearSearch,5000,116366,0,2026-08-20
3929,BinarySearch,5000,15966,0,2026-08-20
3930,LinearSearch,10000,99566,0,2026-08-20
3931,BinarySearch,10000,16433,0,2026-08-20
3932,HashTable_Insert,100,5275633,212,2026-08-20
3933,HashTable_Search,100,1748433,0,2026-08-20
3934,HashTable_Insert,500,184466,212,2026-08-20
3935,HashTable_Search,500,82600,212,2026-08-20
3936,HashTable_Insert,1000,347200,212,2026-08-20
3937,HashTable_Search,1000,77700,70,2026-08-20
3938,HashTable_Insert,5000,577233,425,2026-08-20
3939,HashTable_Search,5000,53166,0,2026-08-20
3940,HashTable_Insert,10000,601700,850,2026-08-20
3941,HashTable_Search,10000,151866,0,2026-08-20
3942,HashTable_Insert,20000,3539866,1700,2026-08-20
3943,HashTable_Search,20000,486100,0,2026-08-20
3944,BST_Insert,100,222400,212,2026-08-20
3945,RedBlackTree_Insert,100,1139766,212,2026-08-20
3946,BST_Search,100,1111566,0,2026-08-20
3947,RedBlackTree_Search,100,60633,0,2026-08-20
3948,BST_Insert,500,257366,212,2026-08-20
3949,RedBlackTree_Insert,500,182733,212,2026-08-20
3950,BST_Search,500,241500,11,2026-08-20
3951,RedBlackTree_Search,500,149900,0,2026-08-20
3952,BST_Insert,1000,1069833,212,2026-08-20
3953,RedBlackTree_Insert,1000,435766,212,2026-08-20
3954,BST_Search,1000,503266,0,2026-08-20
3955,RedBlackTree_Search,1000,211733,0,2026-08-20
3956,BST_Insert,5000,1530633,212,2026-08-20
3957,RedBlackTree_Insert,5000,1439500,212,2026-08-20
3958,BST_Search,5000,2318900,0,2026-08-20
3959,RedBlackTree_Search,5000,1539000,0,2026-08-20
3960,BST_Insert,10000,4693433,425,2026-08-20
3961,RedBlackTree_Insert,10000,3925066,425,2026-08-20
3962,BST_Search,10000,4203766,0,2026-08-20
3963,RedBlackTree_Search,10000,4722533,0,2026-08-20
3964,PriorityQueue_Enqueue,100,1016400,212,2026-08-20
3965,PriorityQueue_Dequeue,100,250333,212,2026-08-20
3966,PriorityQueue_Enqueue,500,474633,212,2026-08-20
3967,PriorityQueue_Dequeue,500,321666,212,2026-08-20
3968,PriorityQueue_Enqueue,1000,276233,212,2026-08-20
3969,PriorityQueue_Dequeue,1000,683900,212,2026-08-20
3970,PriorityQueue_Enqueue,5000,437566,212,2026-08-20
3971,PriorityQueue_Dequeue,5000,1920333,212,2026-08-20
3972,PriorityQueue_Enqueue,10000,438166,425,2026-08-20
3973,PriorityQueue_Dequeue,10000,2557466,425,2026-08-20
3974,PriorityQueue_Enqueue,20000,973000,637,2026-08-20
3975,PriorityQueue_Dequeue,20000,8220900,637,2026-08-20
3976,BFS_Traversal,117,414133,212,2026-08-20
3977,DFS_Traversal,117,437633,212,2026-08-20
3978,Dijkstra_SingleSource,117,369733,213,2026-08-20
3979,Prim_MST,117,2310000,212,2026-08-20
3980,Kruskal_MST,117,852166,213,2026-08-20
3981,BFS_Connected,58,149500,212,2026-08-20
3982,DFS_CycleDetect,58,256566,212,2026-08-20
3983,MergeSort,100,29233,347,2026-08-20
3984,QuickSort,100,53300,347,2026-08-20
3985,InsertionSort,100,16000,347,2026-08-20
3986,SelectionSort,100,23133,347,2026-08-20
3987,MergeSort,500,57000,349,2026-08-20
3988,QuickSort,500,43633,349,2026-08-20
3989,InsertionSort,500,56633,349,2026-08-20
3990,SelectionSort,500,113066,349,2026-08-20
3991,MergeSort,1000,104400,351,2026-08-20
3992,QuickSort,1000,69300,351,2026-08-20
3993,InsertionSort,1000,127733,351,2026-08-20
3994,SelectionSort,1000,374200,351,2026-08-20
3995,MergeSort,5000,548333,713,2026-08-20
3996,QuickSort,5000,371433,366,2026-08-20
3997,InsertionSort,5000,2914166,366,2026-08-20
3998,SelectionSort,5000,9968300,366,2026-08-20
3999,MergeSort,10000,3135733,1080,2026-08-20
4000,QuickSort,10000,886800,386,2026-08-20
4001,InsertionSort,10000,12899966,386,2026-08-20
4002,SelectionSort,10000,60682100,386,2026-08-20
4003,LinearSearch,100,8733,0,2026-08-20
4004,BinarySearch,100,8533,0,2026-08-20
4005,LinearSearch,500,14800,0,2026-08-20
4006,BinarySearch,500,7833,0,2026-08-20
4007,LinearSearch,1000,52133,0,2026-08-20
4008,BinarySearch,1000,20166,0,2026-08-20
4009,LinearSearch,5000,55800,0,2026-08-20
4010,BinarySearch,5000,15933,0,2026-08-20
4011,LinearSearch,10000,219033,0,2026-08-20
4012,BinarySearch,10000,15800,5,2026-08-20
4013,HashTable_Insert,100,182566,347,2026-08-20
4014,HashTable_Search,100,115066,0,2026-08-20
4015,HashTable_Insert,500,245866,347,2026-08-20
4016,HashTable_Search,500,816400,347,2026-08-20
4017,HashTable_Insert,1000,543066,347,2026-08-20
4018,HashTable_Search,1000,132366,231,2026-08-20
4019,HashTable_Insert,5000,360466,694,2026-08-20
4020,HashTable_Search,5000,157066,347,2026-08-20
4021,HashTable_Insert,10000,266200,1041,2026-08-20
4022,HashTable_Search,10000,58200,0,2026-08-20
4023,HashTable_Insert,20000,376500,1814,2026-08-20
4024,HashTable_Search,20000,206666,0,2026-08-20
4025,BST_Insert,100,77666,347,2026-08-20
4026,RedBlackTree_Insert,100,88800,347,2026-08-20
4027,BST_Search,100,66366,0,2026-08-20
4028,RedBlackTree_Search,100,33833,0,2026-08-20
4029,BST_Insert,500,117366,347,2026-08-20
4030,RedBlackTree_Insert,500,89233,347,2026-08-20
4031,BST_Search,500,81000,0,2026-08-20
4032,RedBlackTree_Search,500,68366,0,2026-08-20
4033,BST_Insert,1000,99900,347,2026-08-20
4034,RedBlackTree_Insert,1000,139600,347,2026-08-20
4035,BST_Search,1000,95733,0,2026-08-20
4036,RedBlackTree_Search,1000,114200,0,2026-08-20
4037,BST_Insert,5000,523266,347,2026-08-20
4038,RedBlackTree_Insert,5000,696833,347,2026-08-20
4039,BST_Search,5000,1511533,0,2026-08-20
4040,RedBlackTree_Search,5000,1095766,0,2026-08-20
4041,BST_Insert,10000,2074733,347,2026-08-20
4042,RedBlackTree_Insert,10000,1992700,694,2026-08-20
4043,BST_Search,10000,2049566,0,2026-08-20
4044,RedBlackTree_Search,10000,3049600,0,2026-08-20
4045,PriorityQueue_Enqueue,100,170500,347,2026-08-20
4046,PriorityQueue_Dequeue,100,152233,347,2026-08-20
4047,PriorityQueue_Enqueue,500,792933,347,2026-08-20
4048,PriorityQueue_Dequeue,500,891633,347,2026-08-20
4049,PriorityQueue_Enqueue,1000,326500,347,2026-08-20
4050,PriorityQueue_Dequeue,1000,531866,347,2026-08-20
4051,PriorityQueue_Enqueue,5000,235166,347,2026-08-20
4052,PriorityQueue_Dequeue,5000,869933,347,2026-08-20
4053,PriorityQueue_Enqueue,10000,370733,347,2026-08-20
4054,PriorityQueue_Dequeue,10000,2167266,347,2026-08-20
4055,PriorityQueue_Enqueue,20000,488533,694,2026-08-20
4056,PriorityQueue_Dequeue,20000,6975900,694,2026-08-20
4057,BFS_Traversal,117,380533,347,2026-08-20
4058,DFS_Traversal,117,437833,347,2026-08-20
4059,Dijkstra_SingleSource,117,1381666,347,2026-08-20
4060,Prim_MST,117,413900,347,2026-08-20
4061,Kruskal_MST,117,2518400,348,2026-08-20
4062,BFS_Connected,58,176700,347,2026-08-20
4063,DFS_CycleDetect,58,61766,347,2026-08-20
4064,MergeSort,100,293766,368,2026-08-20
4065,QuickSort,100,346533,358,2026-08-20
4066,InsertionSort,100,3934766,347,2026-08-20
4067,SelectionSort,100,370200,347,2026-08-20
4068,MergeSort,500,274433,349,2026-08-20
4069,QuickSort,500,179466,349,2026-08-20
4070,InsertionSort,500,273633,349,2026-08-20
4071,SelectionSort,500,177433,349,2026-08-20
4072,MergeSort,1000,282933,351,2026-08-20
4073,QuickSort,1000,343166,351,2026-08-20
4074,InsertionSort,1000,158666,351,2026-08-20
4075,SelectionSort,1000,437233,351,2026-08-20
4076,MergeSort,5000,952300,713,2026-08-20
4077,QuickSort,5000,510100,366,2026-08-20
4078,InsertionSort,5000,2951700,366,2026-08-20
4079,SelectionSort,5000,9619600,366,2026-08-20
4080,MergeSort,10000,1251766,1080,2026-08-20
4081,QuickSort,10000,1844533,386,2026-08-20
4082,InsertionSort,10000,11658633,386,2026-08-20
4083,SelectionSort,10000,60366133,386,2026-08-20
4084,LinearSearch,100,23100,0,2026-08-20
4085,BinarySearch,100,12033,0,2026-08-20
4086,LinearSearch,500,45000,0,2026-08-20
4087,BinarySearch,500,34000,0,2026-08-20
4088,LinearSearch,1000,22533,0,2026-08-20
4089,BinarySearch,1000,26066,0,2026-08-20
4090,LinearSearch,5000,119966,0,2026-08-20
4091,BinarySearch,5000,18766,0,2026-08-20
4092,LinearSearch,10000,80500,0,2026-08-20
4093,BinarySearch,10000,41533,0,2026-08-20
4094,HashTable_Insert,100,104200,347,2026-08-20
4095,HashTable_Search,100,26133,0,2026-08-20
4096,HashTable_Insert,500,127700,347,2026-08-20
4097,HashTable_Search,500,49566,0,2026-08-20
4098,HashTable_Insert,1000,129400,347,2026-08-20
4099,HashTable_Search,1000,29466,0,2026-08-20
4100,HashTable_Insert,5000,1115433,694,2026-08-20
4101,HashTable_Search,5000,257500,0,2026-08-20
4102,HashTable_Insert,10000,732333,1041,2026-08-20
4103,HashTable_Search,10000,183866,0,2026-08-20
4104,HashTable_Insert,20000,1843000,1814,2026-08-20
4105,HashTable_Search,20000,377266,0,2026-08-20
4106,BST_Insert,100,31033,347,2026-08-20
4107,RedBlackTree_Insert,100,63000,347,2026-08-20
4108,BST_Search,100,16500,0,2026-08-20
4109,RedBlackTree_Search,100,31133,0,2026-08-20
4110,BST_Insert,500,204366,347,2026-08-20
4111,RedBlackTree_Insert,500,203800,347,2026-08-20
4112,BST_Search,500,84633,0,2026-08-20
4113,RedBlackTree_Search,500,100766,0,2026-08-20
4114,BST_Insert,1000,788033,347,2026-08-20
4115,RedBlackTree_Insert,1000,135166,347,2026-08-20
4116,BST_Search,1000,492600,0,2026-08-20
4117,RedBlackTree_Search,1000,167800,0,2026-08-20
4118,BST_Insert,5000,951433,347,2026-08-20
4119,RedBlackTree_Insert,5000,1055700,347,2026-08-20
4120,BST_Search,5000,1052666,0,2026-08-20
4121,RedBlackTree_Search,5000,1220900,0,2026-08-20
4122,BST_Insert,10000,2616533,347,2026-08-20
4123,RedBlackTree_Insert,10000,2076666,694,2026-08-20
4124,BST_Search,10000,3340700,0,2026-08-20
4125,RedBlackTree_Search,10000,2543066,0,2026-08-20
4126,PriorityQueue_Enqueue,100,34333,347,2026-08-20
4127,PriorityQueue_Dequeue,100,50266,347,2026-08-20
4128,PriorityQueue_Enqueue,500,38200,347,2026-08-20
4129,PriorityQueue_Dequeue,500,184266,347,2026-08-20
4130,PriorityQueue_Enqueue,1000,50133,347,2026-08-20
4131,PriorityQueue_Dequeue,1000,982300,347,2026-08-20
4132,PriorityQueue_Enqueue,5000,197966,347,2026-08-20
4133,PriorityQueue_Dequeue,5000,1144700,347,2026-08-20
4134,PriorityQueue_Enqueue,10000,484366,347,2026-08-20
4135,PriorityQueue_Dequeue,10000,3443400,347,2026-08-20
4136,PriorityQueue_Enqueue,20000,1498466,694,2026-08-20
4137,PriorityQueue_Dequeue,20000,6370433,694,2026-08-20
4138,BFS_Traversal,117,185300,347,2026-08-20
4139,DFS_Traversal,117,396666,347,2026-08-20
4140,Dijkstra_SingleSource,117,206033,347,2026-08-20
4141,Prim_MST,117,177600,347,2026-08-20
4142,Kruskal_MST,117,186666,348,2026-08-20
4143,BFS_Connected,58,107266,347,2026-08-20
4144,DFS_CycleDetect,58,41766,347,2026-08-20
4145,MergeSort,100,42300,398,2026-08-20
4146,QuickSort,100,126500,156,2026-08-20
4147,InsertionSort,100,95600,176,2026-08-20
4148,SelectionSort,100,27500,156,2026-08-20
4149,MergeSort,500,76166,157,2026-08-20
4150,QuickSort,500,39633,157,2026-08-20
4151,InsertionSort,500,271833,157,2026-08-20
4152,SelectionSort,500,106766,157,2026-08-20
4153,MergeSort,1000,121033,159,2026-08-20
4154,QuickSort,1000,79066,159,2026-08-20
4155,InsertionSort,1000,396400,159,2026-08-20
4156,SelectionSort,1000,358000,159,2026-08-20
4157,MergeSort,5000,537433,487,2026-08-20
4158,QuickSort,5000,365766,175,2026-08-20
4159,InsertionSort,5000,2036700,175,2026-08-20
4160,SelectionSort,5000,7121966,175,2026-08-20
4161,MergeSort,10000,1176133,973,2026-08-20
4162,QuickSort,10000,742800,194,2026-08-20
4163,InsertionSort,10000,8817400,194,2026-08-20
4164,SelectionSort,10000,37781666,194,2026-08-20
4165,LinearSearch,100,12833,0,2026-08-20
4166,BinarySearch,100,16033,20,2026-08-20
4167,LinearSearch,500,15200,0,2026-08-20
4168,BinarySearch,500,12666,0,2026-08-20
4169,LinearSearch,1000,27100,0,2026-08-20
4170,BinarySearch,1000,6566,0,2026-08-20
4171,LinearSearch,5000,63966,0,2026-08-20
4172,BinarySearch,5000,5733,0,2026-08-20
4173,LinearSearch,10000,105666,0,2026-08-20
4174,BinarySearch,10000,6133,0,2026-08-20
4175,HashTable_Insert,100,50300,176,2026-08-20
4176,HashTable_Search,100,44166,0,2026-08-20
4177,HashTable_Insert,500,117133,155,2026-08-20
4178,HashTable_Search,500,66500,155,2026-08-20
4179,HashTable_Insert,1000,168333,155,2026-08-20
4180,HashTable_Search,1000,96500,155,2026-08-20
4181,HashTable_Insert,5000,591000,467,2026-08-20
4182,HashTable_Search,5000,344866,155,2026-08-20
4183,HashTable_Insert,10000,760366,856,2026-08-20
4184,HashTable_Search,10000,540833,155,2026-08-20
4185,HashTable_Insert,20000,1043200,1713,2026-08-20
4186,HashTable_Search,20000,644366,438,2026-08-20
4187,BST_Insert,100,42666,171,2026-08-20
4188,RedBlackTree_Insert,100,84933,155,2026-08-20
4189,BST_Search,100,56800,0,2026-08-20
4190,RedBlackTree_Search,100,38066,0,2026-08-20
4191,BST_Insert,500,103800,155,2026-08-20
4192,RedBlackTree_Insert,500,132533,155,2026-08-20
4193,BST_Search,500,114466,0,2026-08-20
4194,RedBlackTree_Search,500,82733,0,2026-08-20
4195,BST_Insert,1000,399866,155,2026-08-20
4196,RedBlackTree_Insert,1000,317700,155,2026-08-20
4197,BST_Search,1000,131633,0,2026-08-20
4198,RedBlackTree_Search,1000,145900,0,2026-08-20
4199,BST_Insert,5000,641566,155,2026-08-20
4200,RedBlackTree_Insert,5000,693400,311,2026-08-20
4201,BST_Search,5000,720966,0,2026-08-20
4202,RedBlackTree_Search,5000,631300,0,2026-08-20
4203,BST_Insert,10000,1436866,311,2026-08-20
4204,RedBlackTree_Insert,10000,1382333,467,2026-08-20
4205,BST_Search,10000,1619466,0,2026-08-20
4206,RedBlackTree_Search,10000,1379800,0,2026-08-20
4207,PriorityQueue_Enqueue,100,62833,176,2026-08-20
4208,PriorityQueue_Dequeue,100,137000,176,2026-08-20
4209,PriorityQueue_Enqueue,500,70033,155,2026-08-20
4210,PriorityQueue_Dequeue,500,169633,155,2026-08-20
4211,PriorityQueue_Enqueue,1000,127466,155,2026-08-20
4212,PriorityQueue_Dequeue,1000,248466,155,2026-08-20
4213,PriorityQueue_Enqueue,5000,312100,155,2026-08-20
4214,PriorityQueue_Dequeue,5000,1109733,155,2026-08-20
4215,PriorityQueue_Enqueue,10000,540466,311,2026-08-20
4216,PriorityQueue_Dequeue,10000,2264300,311,2026-08-20
4217,PriorityQueue_Enqueue,20000,788000,623,2026-08-20
4218,PriorityQueue_Dequeue,20000,4042933,623,2026-08-20
4219,BFS_Traversal,117,125166,176,2026-08-20
4220,DFS_Traversal,117,153500,176,2026-08-20
4221,Dijkstra_SingleSource,117,112533,176,2026-08-20
4222,Prim_MST,117,527333,176,2026-08-20
4223,Kruskal_MST,117,155533,177,2026-08-20
4224,BFS_Connected,58,140300,197,2026-08-20
4225,DFS_CycleDetect,58,59100,155,2026-08-20
4226,MergeSort,100,87566,156,2026-08-20
4227,QuickSort,100,51700,156,2026-08-20
4228,InsertionSort,100,147233,156,2026-08-20
4229,SelectionSort,100,75566,156,2026-08-20
4230,MergeSort,500,116466,157,2026-08-20
4231,QuickSort,500,57500,157,2026-08-20
4232,InsertionSort,500,75066,157,2026-08-20
4233,SelectionSort,500,133000,157,2026-08-20
4234,MergeSort,1000,150833,159,2026-08-20
4235,QuickSort,1000,107166,159,2026-08-20
4236,InsertionSort,1000,114033,159,2026-08-20
4237,SelectionSort,1000,407800,159,2026-08-20
4238,MergeSort,5000,555266,487,2026-08-20
4239,QuickSort,5000,459466,165,2026-08-20
4240,InsertionSort,5000,3227833,161,2026-08-20
4241,SelectionSort,5000,8203133,161,2026-08-20
4242,MergeSort,10000,1250866,992,2026-08-20
4243,QuickSort,10000,759033,185,2026-08-20
4244,InsertionSort,10000,10934466,180,2026-08-20
4245,SelectionSort,10000,38115233,180,2026-08-20
4246,LinearSearch,100,7333,0,2026-08-20
4247,BinarySearch,100,5833,0,2026-08-20
4248,LinearSearch,500,15066,0,2026-08-20
4249,BinarySearch,500,9200,0,2026-08-20
4250,LinearSearch,1000,31533,0,2026-08-20
4251,BinarySearch,1000,16166,0,2026-08-20
4252,LinearSearch,5000,65666,0,2026-08-20
4253,BinarySearch,5000,6200,0,2026-08-20
4254,LinearSearch,10000,13666,0,2026-08-20
4255,BinarySearch,10000,6800,0,2026-08-20
4256,HashTable_Insert,100,39166,151,2026-08-20
4257,HashTable_Search,100,10900,0,2026-08-20
4258,HashTable_Insert,500,61800,155,2026-08-20
4259,HashTable_Search,500,62600,155,2026-08-20
4260,HashTable_Insert,1000,72133,155,2026-08-20
4261,HashTable_Search,1000,16533,0,2026-08-20
4262,HashTable_Insert,5000,147833,467,2026-08-20
4263,HashTable_Search,5000,457333,0,2026-08-20
4264,HashTable_Insert,10000,1099666,854,2026-08-20
4265,HashTable_Search,10000,98900,0,2026-08-20
4266,HashTable_Insert,20000,583066,1713,2026-08-20
4267,HashTable_Search,20000,152033,0,2026-08-20
4268,BST_Insert,100,39300,169,2026-08-20
4269,RedBlackTree_Insert,100,44133,155,2026-08-20
4270,BST_Search,100,20100,0,2026-08-20
4271,RedBlackTree_Search,100,14566,0,2026-08-20
4272,BST_Insert,500,65233,151,2026-08-20
4273,RedBlackTree_Insert,500,92333,155,2026-08-20
4274,BST_Search,500,56100,0,2026-08-20
4275,RedBlackTree_Search,500,76933,0,2026-08-20
4276,BST_Insert,1000,135300,151,2026-08-20
4277,RedBlackTree_Insert,1000,136033,155,2026-08-20
4278,BST_Search,1000,116500,0,2026-08-20
4279,RedBlackTree_Search,1000,104366,0,2026-08-20
4280,BST_Insert,5000,682066,198,2026-08-20
4281,RedBlackTree_Insert,5000,595500,292,2026-08-20
4282,BST_Search,5000,612266,0,2026-08-20
4283,RedBlackTree_Search,5000,546366,0,2026-08-20
4284,BST_Insert,10000,1200766,349,2026-08-20
4285,RedBlackTree_Insert,10000,1134733,438,2026-08-20
4286,BST_Search,10000,1700666,0,2026-08-20
4287,RedBlackTree_Search,10000,1246366,0,2026-08-20
4288,PriorityQueue_Enqueue,100,30133,151,2026-08-20
4289,PriorityQueue_Dequeue,100,30366,155,2026-08-20
4290,PriorityQueue_Enqueue,500,68466,155,2026-08-20
4291,PriorityQueue_Dequeue,500,74400,146,2026-08-20
4292,PriorityQueue_Enqueue,1000,37066,151,2026-08-20
4293,PriorityQueue_Dequeue,1000,129566,146,2026-08-20
4294,PriorityQueue_Enqueue,5000,175866,151,2026-08-20
4295,PriorityQueue_Dequeue,5000,755233,146,2026-08-20
4296,PriorityQueue_Enqueue,10000,281933,302,2026-08-20
4297,PriorityQueue_Dequeue,10000,1836300,292,2026-08-20
4298,PriorityQueue_Enqueue,20000,454900,604,2026-08-20
4299,PriorityQueue_Dequeue,20000,4227933,585,2026-08-20
4300,BFS_Traversal,117,86633,151,2026-08-20
4301,DFS_Traversal,117,157066,155,2026-08-20
4302,Dijkstra_SingleSource,117,115033,156,2026-08-20
4303,Prim_MST,117,166900,155,2026-08-20
4304,Kruskal_MST,117,104966,156,2026-08-20
4305,BFS_Connected,58,108433,155,2026-08-20
4306,DFS_CycleDetect,58,37733,155,2026-08-20
4307,MergeSort,100,196266,464,2026-08-20
4308,QuickSort,100,77466,133,2026-08-20
4309,InsertionSort,100,105366,114,2026-08-20
4310,SelectionSort,100,189833,133,2026-08-20
4311,MergeSort,500,176500,116,2026-08-20
4312,QuickSort,500,296900,116,2026-08-20
4313,InsertionSort,500,867233,116,2026-08-20
4314,SelectionSort,500,1792800,116,2026-08-20
4315,MergeSort,1000,342933,118,2026-08-20
4316,QuickSort,1000,483000,118,2026-08-20
4317,InsertionSort,1000,2181066,118,2026-08-20
4318,SelectionSort,1000,1638466,118,2026-08-20
4319,MergeSort,5000,2376100,479,2026-08-20
4320,QuickSort,5000,741466,133,2026-08-20
4321,InsertionSort,5000,7124866,133,2026-08-20
4322,SelectionSort,5000,38090433,133,2026-08-20
4323,MergeSort,10000,2761466,987,2026-08-20
4324,QuickSort,10000,2842433,153,2026-08-20
4325,InsertionSort,10000,33013300,153,2026-08-20
4326,SelectionSort,10000,106762233,153,2026-08-20
